../dbi151_catagorized_April-23/TestImages/jedphi/jedphi.14.jpg;0
../dbi151_catagorized_April-23/TestImages/jedphi/jedphi.2.jpg;0
../dbi151_catagorized_April-23/TestImages/9540563/9540563.16.jpg;1
../dbi151_catagorized_April-23/TestImages/9540563/9540563.1.jpg;1
../dbi151_catagorized_April-23/TestImages/gmagul/gmagul.4.jpg;2
../dbi151_catagorized_April-23/TestImages/gmagul/gmagul.12.jpg;2
../dbi151_catagorized_April-23/TestImages/sdaly/sdaly.3.jpg;3
../dbi151_catagorized_April-23/TestImages/sdaly/sdaly.11.jpg;3
../dbi151_catagorized_April-23/TestImages/pvaris/pvaris.15.jpg;4
../dbi151_catagorized_April-23/TestImages/pvaris/pvaris.2.jpg;4
../dbi151_catagorized_April-23/TestImages/kelbied/kelbied.1.jpg;5
../dbi151_catagorized_April-23/TestImages/kelbied/kelbied.15.jpg;5
../dbi151_catagorized_April-23/TestImages/jlrums/jlrums.3.jpg;6
../dbi151_catagorized_April-23/TestImages/jlrums/jlrums.18.jpg;6
../dbi151_catagorized_April-23/TestImages/mystery/mystery.13.jpg;7
../dbi151_catagorized_April-23/TestImages/mystery/mystery.7.jpg;7
../dbi151_catagorized_April-23/TestImages/gghazv/gghazv.6.jpg;8
../dbi151_catagorized_April-23/TestImages/gghazv/gghazv.14.jpg;8
../dbi151_catagorized_April-23/TestImages/9540725/9540725.2.jpg;9
../dbi151_catagorized_April-23/TestImages/9540725/9540725.14.jpg;9
../dbi151_catagorized_April-23/TestImages/9540504/9540504.18.jpg;10
../dbi151_catagorized_April-23/TestImages/9540504/9540504.5.jpg;10
../dbi151_catagorized_April-23/TestImages/pmspry/pmspry.5.jpg;11
../dbi151_catagorized_April-23/TestImages/pmspry/pmspry.19.jpg;11
../dbi151_catagorized_April-23/TestImages/mwillc/mwillc.8.jpg;12
../dbi151_catagorized_April-23/TestImages/mwillc/mwillc.18.jpg;12
../dbi151_catagorized_April-23/TestImages/djtye/djtye.5.jpg;13
../dbi151_catagorized_April-23/TestImages/djtye/djtye.15.jpg;13
../dbi151_catagorized_April-23/TestImages/carund/carund.2.jpg;14
../dbi151_catagorized_April-23/TestImages/carund/carund.14.jpg;14
../dbi151_catagorized_April-23/TestImages/ireloz/ireloz.7.jpg;15
../dbi151_catagorized_April-23/TestImages/ireloz/ireloz.18.jpg;15
../dbi151_catagorized_April-23/TestImages/gpreec/gpreec.12.jpg;16
../dbi151_catagorized_April-23/TestImages/gpreec/gpreec.4.jpg;16
../dbi151_catagorized_April-23/TestImages/csjscu/csjscu.2.jpg;17
../dbi151_catagorized_April-23/TestImages/csjscu/csjscu.16.jpg;17
../dbi151_catagorized_April-23/TestImages/9540768/9540768.5.jpg;18
../dbi151_catagorized_April-23/TestImages/9540768/9540768.17.jpg;18
../dbi151_catagorized_April-23/TestImages/memiah/memiah.19.jpg;19
../dbi151_catagorized_April-23/TestImages/memiah/memiah.6.jpg;19
../dbi151_catagorized_April-23/TestImages/mkvwon/mkvwon.6.jpg;20
../dbi151_catagorized_April-23/TestImages/mkvwon/mkvwon.13.jpg;20
../dbi151_catagorized_April-23/TestImages/tchand/tchand.4.jpg;21
../dbi151_catagorized_April-23/TestImages/tchand/tchand.8.jpg;21
../dbi151_catagorized_April-23/TestImages/cjbowe/cjbowe.17.jpg;22
../dbi151_catagorized_April-23/TestImages/cjbowe/cjbowe.7.jpg;22
../dbi151_catagorized_April-23/TestImages/oegill/oegill.19.jpg;23
../dbi151_catagorized_April-23/TestImages/oegill/oegill.11.jpg;23
../dbi151_catagorized_April-23/TestImages/gmidgl/gmidgl.6.jpg;24
../dbi151_catagorized_April-23/TestImages/gmidgl/gmidgl.16.jpg;24
../dbi151_catagorized_April-23/TestImages/9540849/9540849.15.jpg;25
../dbi151_catagorized_April-23/TestImages/9540849/9540849.6.jpg;25
../dbi151_catagorized_April-23/TestImages/agaffa/agaffa.2.jpg;26
../dbi151_catagorized_April-23/TestImages/agaffa/agaffa.17.jpg;26
../dbi151_catagorized_April-23/TestImages/jonesd/jonesd.13.jpg;27
../dbi151_catagorized_April-23/TestImages/jonesd/jonesd.8.jpg;27
../dbi151_catagorized_April-23/TestImages/9540695/9540695.14.jpg;28
../dbi151_catagorized_April-23/TestImages/9540695/9540695.2.jpg;28
../dbi151_catagorized_April-23/TestImages/dlwise/dlwise.14.jpg;29
../dbi151_catagorized_April-23/TestImages/dlwise/dlwise.4.jpg;29
../dbi151_catagorized_April-23/TestImages/fmquaz/fmquaz.14.jpg;30
../dbi151_catagorized_April-23/TestImages/fmquaz/fmquaz.6.jpg;30
../dbi151_catagorized_April-23/TestImages/9540717/9540717.20.jpg;31
../dbi151_catagorized_April-23/TestImages/9540717/9540717.6.jpg;31
../dbi151_catagorized_April-23/TestImages/9602283/9602283.15.jpg;32
../dbi151_catagorized_April-23/TestImages/9602283/9602283.9.jpg;32
../dbi151_catagorized_April-23/TestImages/akopci/akopci.19.jpg;33
../dbi151_catagorized_April-23/TestImages/akopci/akopci.6.jpg;33
../dbi151_catagorized_April-23/TestImages/jwdpag/jwdpag.18.jpg;34
../dbi151_catagorized_April-23/TestImages/jwdpag/jwdpag.7.jpg;34
../dbi151_catagorized_April-23/TestImages/9540687/9540687.6.jpg;35
../dbi151_catagorized_April-23/TestImages/9540687/9540687.20.jpg;35
../dbi151_catagorized_April-23/TestImages/rhosan/rhosan.13.jpg;36
../dbi151_catagorized_April-23/TestImages/rhosan/rhosan.18.jpg;36
../dbi151_catagorized_April-23/TestImages/rchadh/rchadh.2.jpg;37
../dbi151_catagorized_April-23/TestImages/rchadh/rchadh.15.jpg;37
../dbi151_catagorized_April-23/TestImages/9540814/9540814.20.jpg;38
../dbi151_catagorized_April-23/TestImages/9540814/9540814.8.jpg;38
../dbi151_catagorized_April-23/TestImages/sherbe/sherbe.10.jpg;39
../dbi151_catagorized_April-23/TestImages/sherbe/sherbe.18.jpg;39
../dbi151_catagorized_April-23/TestImages/rwsick/rwsick.19.jpg;40
../dbi151_catagorized_April-23/TestImages/rwsick/rwsick.11.jpg;40
../dbi151_catagorized_April-23/TestImages/mclarkd/mclarkd.18.jpg;41
../dbi151_catagorized_April-23/TestImages/mclarkd/mclarkd.7.jpg;41
../dbi151_catagorized_April-23/TestImages/mkotza/mkotza.2.jpg;42
../dbi151_catagorized_April-23/TestImages/mkotza/mkotza.15.jpg;42
../dbi151_catagorized_April-23/TestImages/llevet/llevet.10.jpg;43
../dbi151_catagorized_April-23/TestImages/llevet/llevet.19.jpg;43
../dbi151_catagorized_April-23/TestImages/dfarre/dfarre.15.jpg;44
../dbi151_catagorized_April-23/TestImages/dfarre/dfarre.2.jpg;44
../dbi151_catagorized_April-23/TestImages/jjohns/jjohns.6.jpg;45
../dbi151_catagorized_April-23/TestImages/jjohns/jjohns.19.jpg;45
../dbi151_catagorized_April-23/TestImages/pgolds/pgolds.18.jpg;46
../dbi151_catagorized_April-23/TestImages/pgolds/pgolds.10.jpg;46
../dbi151_catagorized_April-23/TestImages/9540644/9540644.3.jpg;47
../dbi151_catagorized_April-23/TestImages/9540644/9540644.18.jpg;47
../dbi151_catagorized_April-23/TestImages/9540636/9540636.19.jpg;48
../dbi151_catagorized_April-23/TestImages/9540636/9540636.7.jpg;48
../dbi151_catagorized_April-23/TestImages/elalio/elalio.1.jpg;49
../dbi151_catagorized_April-23/TestImages/elalio/elalio.9.jpg;49
../dbi151_catagorized_April-23/TestImages/pmbtin/pmbtin.8.jpg;50
../dbi151_catagorized_April-23/TestImages/pmbtin/pmbtin.20.jpg;50
../dbi151_catagorized_April-23/TestImages/shpill/shpill.18.jpg;51
../dbi151_catagorized_April-23/TestImages/shpill/shpill.8.jpg;51
../dbi151_catagorized_April-23/TestImages/amflem/amflem.14.jpg;52
../dbi151_catagorized_April-23/TestImages/amflem/amflem.1.jpg;52
../dbi151_catagorized_April-23/TestImages/kdaska/kdaska.3.jpg;53
../dbi151_catagorized_April-23/TestImages/kdaska/kdaska.16.jpg;53
../dbi151_catagorized_April-23/TestImages/spyount/spyount.17.jpg;54
../dbi151_catagorized_April-23/TestImages/spyount/spyount.11.jpg;54
../dbi151_catagorized_April-23/TestImages/alebes/alebes.9.jpg;55
../dbi151_catagorized_April-23/TestImages/alebes/alebes.6.jpg;55
../dbi151_catagorized_April-23/TestImages/9540628/9540628.12.jpg;56
../dbi151_catagorized_April-23/TestImages/9540628/9540628.6.jpg;56
../dbi151_catagorized_April-23/TestImages/moshep/moshep.3.jpg;57
../dbi151_catagorized_April-23/TestImages/moshep/moshep.19.jpg;57
../dbi151_catagorized_April-23/TestImages/wardcy/wardcy.6.jpg;58
../dbi151_catagorized_April-23/TestImages/wardcy/wardcy.14.jpg;58
../dbi151_catagorized_April-23/TestImages/rjobyr/rjobyr.2.jpg;59
../dbi151_catagorized_April-23/TestImages/rjobyr/rjobyr.16.jpg;59
../dbi151_catagorized_April-23/TestImages/9540784/9540784.16.jpg;60
../dbi151_catagorized_April-23/TestImages/9540784/9540784.3.jpg;60
../dbi151_catagorized_April-23/TestImages/wylsow/wylsow.19.jpg;61
../dbi151_catagorized_April-23/TestImages/wylsow/wylsow.4.jpg;61
../dbi151_catagorized_April-23/TestImages/9540733/9540733.12.jpg;62
../dbi151_catagorized_April-23/TestImages/9540733/9540733.13.jpg;62
../dbi151_catagorized_April-23/TestImages/azavro/azavro.15.jpg;63
../dbi151_catagorized_April-23/TestImages/azavro/azavro.8.jpg;63
../dbi151_catagorized_April-23/TestImages/pchyta/pchyta.19.jpg;64
../dbi151_catagorized_April-23/TestImages/pchyta/pchyta.6.jpg;64
../dbi151_catagorized_April-23/TestImages/rscoop/rscoop.3.jpg;65
../dbi151_catagorized_April-23/TestImages/rscoop/rscoop.15.jpg;65
../dbi151_catagorized_April-23/TestImages/bcbesta/bcbesta.12.jpg;66
../dbi151_catagorized_April-23/TestImages/bcbesta/bcbesta.1.jpg;66
../dbi151_catagorized_April-23/TestImages/pgray/pgray.14.jpg;67
../dbi151_catagorized_April-23/TestImages/pgray/pgray.4.jpg;67
../dbi151_catagorized_April-23/TestImages/darodr/darodr.1.jpg;68
../dbi151_catagorized_April-23/TestImages/darodr/darodr.12.jpg;68
../dbi151_catagorized_April-23/TestImages/9540822/9540822.6.jpg;69
../dbi151_catagorized_April-23/TestImages/9540822/9540822.16.jpg;69
../dbi151_catagorized_April-23/TestImages/jbgood/jbgood.7.jpg;70
../dbi151_catagorized_April-23/TestImages/jbgood/jbgood.15.jpg;70
../dbi151_catagorized_April-23/TestImages/pmathi/pmathi.18.jpg;71
../dbi151_catagorized_April-23/TestImages/pmathi/pmathi.3.jpg;71
../dbi151_catagorized_April-23/TestImages/rposbo/rposbo.6.jpg;72
../dbi151_catagorized_April-23/TestImages/rposbo/rposbo.14.jpg;72
../dbi151_catagorized_April-23/TestImages/jjkeho/jjkeho.8.jpg;73
../dbi151_catagorized_April-23/TestImages/jjkeho/jjkeho.20.jpg;73
../dbi151_catagorized_April-23/TestImages/smredh/smredh.8.jpg;74
../dbi151_catagorized_April-23/TestImages/smredh/smredh.17.jpg;74
../dbi151_catagorized_April-23/TestImages/acatsa/acatsa.20.jpg;75
../dbi151_catagorized_April-23/TestImages/acatsa/acatsa.14.jpg;75
../dbi151_catagorized_April-23/TestImages/mhoore/mhoore.11.jpg;76
../dbi151_catagorized_April-23/TestImages/mhoore/mhoore.5.jpg;76
../dbi151_catagorized_April-23/TestImages/arwebb/arwebb.15.jpg;77
../dbi151_catagorized_April-23/TestImages/arwebb/arwebb.3.jpg;77
../dbi151_catagorized_April-23/TestImages/bmphil/bmphil.4.jpg;78
../dbi151_catagorized_April-23/TestImages/bmphil/bmphil.14.jpg;78
../dbi151_catagorized_April-23/TestImages/reaton/reaton.20.jpg;79
../dbi151_catagorized_April-23/TestImages/reaton/reaton.10.jpg;79
../dbi151_catagorized_April-23/TestImages/djotto/djotto.2.jpg;80
../dbi151_catagorized_April-23/TestImages/djotto/djotto.15.jpg;80
../dbi151_catagorized_April-23/TestImages/wjsaic/wjsaic.7.jpg;81
../dbi151_catagorized_April-23/TestImages/wjsaic/wjsaic.18.jpg;81
../dbi151_catagorized_April-23/TestImages/aolcer/aolcer.15.jpg;82
../dbi151_catagorized_April-23/TestImages/aolcer/aolcer.6.jpg;82
../dbi151_catagorized_April-23/TestImages/gcprie/gcprie.2.jpg;83
../dbi151_catagorized_April-23/TestImages/gcprie/gcprie.19.jpg;83
../dbi151_catagorized_April-23/TestImages/9540512/9540512.15.jpg;84
../dbi151_catagorized_April-23/TestImages/9540512/9540512.1.jpg;84
../dbi151_catagorized_April-23/TestImages/9540709/9540709.17.jpg;85
../dbi151_catagorized_April-23/TestImages/9540709/9540709.4.jpg;85
../dbi151_catagorized_April-23/TestImages/9556273/9556273.20.jpg;86
../dbi151_catagorized_April-23/TestImages/9556273/9556273.9.jpg;86
../dbi151_catagorized_April-23/TestImages/mroper/mroper.4.jpg;87
../dbi151_catagorized_April-23/TestImages/mroper/mroper.14.jpg;87
../dbi151_catagorized_April-23/TestImages/jjdacl/jjdacl.7.jpg;88
../dbi151_catagorized_April-23/TestImages/jjdacl/jjdacl.17.jpg;88
../dbi151_catagorized_April-23/TestImages/jgelln/jgelln.7.jpg;89
../dbi151_catagorized_April-23/TestImages/jgelln/jgelln.14.jpg;89
../dbi151_catagorized_April-23/TestImages/cpatki/cpatki.20.jpg;90
../dbi151_catagorized_April-23/TestImages/cpatki/cpatki.1.jpg;90
../dbi151_catagorized_April-23/TestImages/jphoor/jphoor.7.jpg;91
../dbi151_catagorized_April-23/TestImages/jphoor/jphoor.18.jpg;91
../dbi151_catagorized_April-23/TestImages/nhotoo/nhotoo.8.jpg;92
../dbi151_catagorized_April-23/TestImages/nhotoo/nhotoo.13.jpg;92
../dbi151_catagorized_April-23/TestImages/9540547/9540547.1.jpg;93
../dbi151_catagorized_April-23/TestImages/9540547/9540547.10.jpg;93
../dbi151_catagorized_April-23/TestImages/cowie/cowie.14.jpg;94
../dbi151_catagorized_April-23/TestImages/cowie/cowie.1.jpg;94
../dbi151_catagorized_April-23/TestImages/ihopki/ihopki.14.jpg;95
../dbi151_catagorized_April-23/TestImages/ihopki/ihopki.8.jpg;95
../dbi151_catagorized_April-23/TestImages/amtalb/amtalb.20.jpg;96
../dbi151_catagorized_April-23/TestImages/amtalb/amtalb.4.jpg;96
../dbi151_catagorized_April-23/TestImages/adpoun/adpoun.8.jpg;97
../dbi151_catagorized_April-23/TestImages/adpoun/adpoun.17.jpg;97
../dbi151_catagorized_April-23/TestImages/gdsamp/gdsamp.3.jpg;98
../dbi151_catagorized_April-23/TestImages/gdsamp/gdsamp.14.jpg;98
../dbi151_catagorized_April-23/TestImages/smalga/smalga.1.jpg;99
../dbi151_catagorized_April-23/TestImages/smalga/smalga.11.jpg;99
../dbi151_catagorized_April-23/TestImages/rshaw/rshaw.12.jpg;100
../dbi151_catagorized_April-23/TestImages/rshaw/rshaw.4.jpg;100
../dbi151_catagorized_April-23/TestImages/pjmcar/pjmcar.11.jpg;101
../dbi151_catagorized_April-23/TestImages/pjmcar/pjmcar.3.jpg;101
../dbi151_catagorized_April-23/TestImages/mwilco/mwilco.16.jpg;102
../dbi151_catagorized_April-23/TestImages/mwilco/mwilco.6.jpg;102
../dbi151_catagorized_April-23/TestImages/pjburr/pjburr.3.jpg;103
../dbi151_catagorized_April-23/TestImages/pjburr/pjburr.15.jpg;103
../dbi151_catagorized_April-23/TestImages/atfpou/atfpou.12.jpg;104
../dbi151_catagorized_April-23/TestImages/atfpou/atfpou.17.jpg;104
../dbi151_catagorized_April-23/TestImages/9540792/9540792.16.jpg;105
../dbi151_catagorized_April-23/TestImages/9540792/9540792.2.jpg;105
../dbi151_catagorized_April-23/TestImages/9540474/9540474.10.jpg;106
../dbi151_catagorized_April-23/TestImages/9540474/9540474.20.jpg;106
../dbi151_catagorized_April-23/TestImages/nhahme/nhahme.18.jpg;107
../dbi151_catagorized_April-23/TestImages/nhahme/nhahme.6.jpg;107
../dbi151_catagorized_April-23/TestImages/djevan/djevan.18.jpg;108
../dbi151_catagorized_April-23/TestImages/djevan/djevan.5.jpg;108
../dbi151_catagorized_April-23/TestImages/rjwils/rjwils.12.jpg;109
../dbi151_catagorized_April-23/TestImages/rjwils/rjwils.4.jpg;109
../dbi151_catagorized_April-23/TestImages/gfilip/gfilip.3.jpg;110
../dbi151_catagorized_April-23/TestImages/gfilip/gfilip.19.jpg;110
../dbi151_catagorized_April-23/TestImages/ischou/ischou.19.jpg;111
../dbi151_catagorized_April-23/TestImages/ischou/ischou.5.jpg;111
../dbi151_catagorized_April-23/TestImages/9540601/9540601.2.jpg;112
../dbi151_catagorized_April-23/TestImages/9540601/9540601.12.jpg;112
../dbi151_catagorized_April-23/TestImages/jepott/jepott.14.jpg;113
../dbi151_catagorized_April-23/TestImages/jepott/jepott.7.jpg;113
../dbi151_catagorized_April-23/TestImages/dmcdow/dmcdow.2.jpg;114
../dbi151_catagorized_April-23/TestImages/dmcdow/dmcdow.19.jpg;114
../dbi151_catagorized_April-23/TestImages/mamago/mamago.7.jpg;115
../dbi151_catagorized_April-23/TestImages/mamago/mamago.17.jpg;115
../dbi151_catagorized_April-23/TestImages/rbrown/rbrown.14.jpg;116
../dbi151_catagorized_April-23/TestImages/rbrown/rbrown.2.jpg;116
../dbi151_catagorized_April-23/TestImages/cprice/cprice.17.jpg;117
../dbi151_catagorized_April-23/TestImages/cprice/cprice.2.jpg;117
../dbi151_catagorized_April-23/TestImages/pguan/pguan.20.jpg;118
../dbi151_catagorized_April-23/TestImages/pguan/pguan.5.jpg;118
../dbi151_catagorized_April-23/TestImages/nmakri/nmakri.19.jpg;119
../dbi151_catagorized_April-23/TestImages/nmakri/nmakri.7.jpg;119
../dbi151_catagorized_April-23/TestImages/filip/filip57707.9.jpg;120
../dbi151_catagorized_April-23/TestImages/filip/filip57707.1.jpg;120
../dbi151_catagorized_April-23/TestImages/hwyman/hwyman.3.jpg;121
../dbi151_catagorized_April-23/TestImages/hwyman/hwyman.11.jpg;121
../dbi151_catagorized_April-23/TestImages/swren/swren.4.jpg;122
../dbi151_catagorized_April-23/TestImages/swren/swren.12.jpg;122
../dbi151_catagorized_April-23/TestImages/mpdavie/mpdavie.18.jpg;123
../dbi151_catagorized_April-23/TestImages/mpdavie/mpdavie.6.jpg;123
../dbi151_catagorized_April-23/TestImages/tthurs/tthurs.17.jpg;124
../dbi151_catagorized_April-23/TestImages/tthurs/tthurs.4.jpg;124
../dbi151_catagorized_April-23/TestImages/djpben/djpben.2.jpg;125
../dbi151_catagorized_April-23/TestImages/djpben/djpben.15.jpg;125
../dbi151_catagorized_April-23/TestImages/shamilc/shamilc.6.jpg;126
../dbi151_catagorized_April-23/TestImages/shamilc/shamilc.14.jpg;126
../dbi151_catagorized_April-23/TestImages/tjpret/tjpret.12.jpg;127
../dbi151_catagorized_April-23/TestImages/tjpret/tjpret.20.jpg;127
../dbi151_catagorized_April-23/TestImages/mdcowl/mdcowl.19.jpg;128
../dbi151_catagorized_April-23/TestImages/mdcowl/mdcowl.3.jpg;128
../dbi151_catagorized_April-23/TestImages/idsizm/idsizm.2.jpg;129
../dbi151_catagorized_April-23/TestImages/idsizm/idsizm.15.jpg;129
../dbi151_catagorized_April-23/TestImages/9540652/9540652.7.jpg;130
../dbi151_catagorized_April-23/TestImages/9540652/9540652.17.jpg;130
../dbi151_catagorized_April-23/TestImages/jcgrij/jcgrij.6.jpg;131
../dbi151_catagorized_April-23/TestImages/jcgrij/jcgrij.16.jpg;131
../dbi151_catagorized_April-23/TestImages/lcelli/lcelli.4.jpg;132
../dbi151_catagorized_April-23/TestImages/lcelli/lcelli.13.jpg;132
../dbi151_catagorized_April-23/TestImages/ldebna/ldebna.14.jpg;133
../dbi151_catagorized_April-23/TestImages/ldebna/ldebna.2.jpg;133
../dbi151_catagorized_April-23/TestImages/kphans/kphans.11.jpg;134
../dbi151_catagorized_April-23/TestImages/kphans/kphans.15.jpg;134
../dbi151_catagorized_April-23/TestImages/todris/todris.17.jpg;135
../dbi151_catagorized_April-23/TestImages/todris/todris.12.jpg;135
../dbi151_catagorized_April-23/TestImages/pgfost/pgfost.13.jpg;136
../dbi151_catagorized_April-23/TestImages/pgfost/pgfost.8.jpg;136
../dbi151_catagorized_April-23/TestImages/gjbods/gjbods.14.jpg;137
../dbi151_catagorized_April-23/TestImages/gjbods/gjbods.6.jpg;137
../dbi151_catagorized_April-23/TestImages/dkourkf/dkourkf.13.jpg;138
../dbi151_catagorized_April-23/TestImages/dkourkf/dkourkf.8.jpg;138
../dbi151_catagorized_April-23/TestImages/dhaydo/dhaydo.1.jpg;139
../dbi151_catagorized_April-23/TestImages/dhaydo/dhaydo.11.jpg;139
../dbi151_catagorized_April-23/TestImages/icolli/icolli.16.jpg;140
../dbi151_catagorized_April-23/TestImages/icolli/icolli.6.jpg;140
../dbi151_catagorized_April-23/TestImages/9540741/9540741.8.jpg;141
../dbi151_catagorized_April-23/TestImages/9540741/9540741.15.jpg;141
../dbi151_catagorized_April-23/TestImages/nandri/nandri.1.jpg;142
../dbi151_catagorized_April-23/TestImages/nandri/nandri.9.jpg;142
../dbi151_catagorized_April-23/TestImages/cjhewi/cjhewi.17.jpg;143
../dbi151_catagorized_April-23/TestImages/cjhewi/cjhewi.3.jpg;143
../dbi151_catagorized_April-23/TestImages/smfarrf/smfarrf.13.jpg;144
../dbi151_catagorized_April-23/TestImages/smfarrf/smfarrf.5.jpg;144
../dbi151_catagorized_April-23/TestImages/hmgula/hmgula.16.jpg;145
../dbi151_catagorized_April-23/TestImages/hmgula/hmgula.5.jpg;145
../dbi151_catagorized_April-23/TestImages/snhopp/snhopp.3.jpg;146
../dbi151_catagorized_April-23/TestImages/snhopp/snhopp.11.jpg;146
../dbi151_catagorized_April-23/TestImages/9630643/9630643.5.jpg;147
../dbi151_catagorized_April-23/TestImages/9630643/9630643.1.jpg;147
../dbi151_catagorized_April-23/TestImages/dnoguy/dnoguy.3.jpg;148
../dbi151_catagorized_April-23/TestImages/dnoguy/dnoguy.14.jpg;148
../dbi151_catagorized_April-23/TestImages/pwest/pwest.16.jpg;149
../dbi151_catagorized_April-23/TestImages/pwest/pwest.9.jpg;149
../dbi151_catagorized_April-23/TestImages/gllong/gllong.20.jpg;150
../dbi151_catagorized_April-23/TestImages/gllong/gllong.12.jpg;150
