../dbi151_catagorized_April-23_1/TestImages/jedphi/jedphi.14.jpg.pgm;0
../dbi151_catagorized_April-23_1/TestImages/jedphi/jedphi.2.jpg.pgm;0
../dbi151_catagorized_April-23_1/TestImages/9540563/9540563.1.jpg.pgm;1
../dbi151_catagorized_April-23_1/TestImages/9540563/9540563.16.jpg.pgm;1
../dbi151_catagorized_April-23_1/TestImages/gmagul/gmagul.4.jpg.pgm;2
../dbi151_catagorized_April-23_1/TestImages/gmagul/gmagul.12.jpg.pgm;2
../dbi151_catagorized_April-23_1/TestImages/sdaly/sdaly.3.jpg.pgm;3
../dbi151_catagorized_April-23_1/TestImages/sdaly/sdaly.11.jpg.pgm;3
../dbi151_catagorized_April-23_1/TestImages/pvaris/pvaris.2.jpg.pgm;4
../dbi151_catagorized_April-23_1/TestImages/pvaris/pvaris.15.jpg.pgm;4
../dbi151_catagorized_April-23_1/TestImages/kelbied/kelbied.1.jpg.pgm;5
../dbi151_catagorized_April-23_1/TestImages/kelbied/kelbied.15.jpg.pgm;5
../dbi151_catagorized_April-23_1/TestImages/jlrums/jlrums.3.jpg.pgm;6
../dbi151_catagorized_April-23_1/TestImages/jlrums/jlrums.18.jpg.pgm;6
../dbi151_catagorized_April-23_1/TestImages/mystery/mystery.7.jpg.pgm;7
../dbi151_catagorized_April-23_1/TestImages/mystery/mystery.13.jpg.pgm;7
../dbi151_catagorized_April-23_1/TestImages/gghazv/gghazv.14.jpg.pgm;8
../dbi151_catagorized_April-23_1/TestImages/gghazv/gghazv.6.jpg.pgm;8
../dbi151_catagorized_April-23_1/TestImages/9540725/9540725.2.jpg.pgm;9
../dbi151_catagorized_April-23_1/TestImages/9540725/9540725.14.jpg.pgm;9
../dbi151_catagorized_April-23_1/TestImages/9540504/9540504.5.jpg.pgm;10
../dbi151_catagorized_April-23_1/TestImages/9540504/9540504.18.jpg.pgm;10
../dbi151_catagorized_April-23_1/TestImages/pmspry/pmspry.19.jpg.pgm;11
../dbi151_catagorized_April-23_1/TestImages/pmspry/pmspry.5.jpg.pgm;11
../dbi151_catagorized_April-23_1/TestImages/mwillc/mwillc.18.jpg.pgm;12
../dbi151_catagorized_April-23_1/TestImages/mwillc/mwillc.8.jpg.pgm;12
../dbi151_catagorized_April-23_1/TestImages/djtye/djtye.5.jpg.pgm;13
../dbi151_catagorized_April-23_1/TestImages/djtye/djtye.15.jpg.pgm;13
../dbi151_catagorized_April-23_1/TestImages/carund/carund.2.jpg.pgm;14
../dbi151_catagorized_April-23_1/TestImages/carund/carund.14.jpg.pgm;14
../dbi151_catagorized_April-23_1/TestImages/ireloz/ireloz.18.jpg.pgm;15
../dbi151_catagorized_April-23_1/TestImages/ireloz/ireloz.7.jpg.pgm;15
../dbi151_catagorized_April-23_1/TestImages/gpreec/gpreec.12.jpg.pgm;16
../dbi151_catagorized_April-23_1/TestImages/gpreec/gpreec.4.jpg.pgm;16
../dbi151_catagorized_April-23_1/TestImages/csjscu/csjscu.2.jpg.pgm;17
../dbi151_catagorized_April-23_1/TestImages/csjscu/csjscu.16.jpg.pgm;17
../dbi151_catagorized_April-23_1/TestImages/9540768/9540768.5.jpg.pgm;18
../dbi151_catagorized_April-23_1/TestImages/9540768/9540768.17.jpg.pgm;18
../dbi151_catagorized_April-23_1/TestImages/memiah/memiah.19.jpg.pgm;19
../dbi151_catagorized_April-23_1/TestImages/memiah/memiah.6.jpg.pgm;19
../dbi151_catagorized_April-23_1/TestImages/mkvwon/mkvwon.6.jpg.pgm;20
../dbi151_catagorized_April-23_1/TestImages/mkvwon/mkvwon.13.jpg.pgm;20
../dbi151_catagorized_April-23_1/TestImages/tchand/tchand.4.jpg.pgm;21
../dbi151_catagorized_April-23_1/TestImages/tchand/tchand.8.jpg.pgm;21
../dbi151_catagorized_April-23_1/TestImages/cjbowe/cjbowe.17.jpg.pgm;22
../dbi151_catagorized_April-23_1/TestImages/cjbowe/cjbowe.7.jpg.pgm;22
../dbi151_catagorized_April-23_1/TestImages/oegill/oegill.11.jpg.pgm;23
../dbi151_catagorized_April-23_1/TestImages/oegill/oegill.19.jpg.pgm;23
../dbi151_catagorized_April-23_1/TestImages/gmidgl/gmidgl.16.jpg.pgm;24
../dbi151_catagorized_April-23_1/TestImages/gmidgl/gmidgl.6.jpg.pgm;24
../dbi151_catagorized_April-23_1/TestImages/9540849/9540849.6.jpg.pgm;25
../dbi151_catagorized_April-23_1/TestImages/9540849/9540849.15.jpg.pgm;25
../dbi151_catagorized_April-23_1/TestImages/agaffa/agaffa.2.jpg.pgm;26
../dbi151_catagorized_April-23_1/TestImages/agaffa/agaffa.17.jpg.pgm;26
../dbi151_catagorized_April-23_1/TestImages/jonesd/jonesd.8.jpg.pgm;27
../dbi151_catagorized_April-23_1/TestImages/jonesd/jonesd.13.jpg.pgm;27
../dbi151_catagorized_April-23_1/TestImages/9540695/9540695.14.jpg.pgm;28
../dbi151_catagorized_April-23_1/TestImages/9540695/9540695.2.jpg.pgm;28
../dbi151_catagorized_April-23_1/TestImages/dlwise/dlwise.4.jpg.pgm;29
../dbi151_catagorized_April-23_1/TestImages/dlwise/dlwise.14.jpg.pgm;29
../dbi151_catagorized_April-23_1/TestImages/fmquaz/fmquaz.14.jpg.pgm;30
../dbi151_catagorized_April-23_1/TestImages/fmquaz/fmquaz.6.jpg.pgm;30
../dbi151_catagorized_April-23_1/TestImages/9540717/9540717.6.jpg.pgm;31
../dbi151_catagorized_April-23_1/TestImages/9540717/9540717.20.jpg.pgm;31
../dbi151_catagorized_April-23_1/TestImages/9602283/9602283.15.jpg.pgm;32
../dbi151_catagorized_April-23_1/TestImages/9602283/9602283.9.jpg.pgm;32
../dbi151_catagorized_April-23_1/TestImages/akopci/akopci.19.jpg.pgm;33
../dbi151_catagorized_April-23_1/TestImages/akopci/akopci.6.jpg.pgm;33
../dbi151_catagorized_April-23_1/TestImages/jwdpag/jwdpag.7.jpg.pgm;34
../dbi151_catagorized_April-23_1/TestImages/jwdpag/jwdpag.18.jpg.pgm;34
../dbi151_catagorized_April-23_1/TestImages/9540687/9540687.20.jpg.pgm;35
../dbi151_catagorized_April-23_1/TestImages/9540687/9540687.6.jpg.pgm;35
../dbi151_catagorized_April-23_1/TestImages/rhosan/rhosan.13.jpg.pgm;36
../dbi151_catagorized_April-23_1/TestImages/rhosan/rhosan.18.jpg.pgm;36
../dbi151_catagorized_April-23_1/TestImages/rchadh/rchadh.2.jpg.pgm;37
../dbi151_catagorized_April-23_1/TestImages/rchadh/rchadh.15.jpg.pgm;37
../dbi151_catagorized_April-23_1/TestImages/9540814/9540814.20.jpg.pgm;38
../dbi151_catagorized_April-23_1/TestImages/9540814/9540814.8.jpg.pgm;38
../dbi151_catagorized_April-23_1/TestImages/sherbe/sherbe.10.jpg.pgm;39
../dbi151_catagorized_April-23_1/TestImages/sherbe/sherbe.18.jpg.pgm;39
../dbi151_catagorized_April-23_1/TestImages/rwsick/rwsick.11.jpg.pgm;40
../dbi151_catagorized_April-23_1/TestImages/rwsick/rwsick.19.jpg.pgm;40
../dbi151_catagorized_April-23_1/TestImages/mclarkd/mclarkd.18.jpg.pgm;41
../dbi151_catagorized_April-23_1/TestImages/mclarkd/mclarkd.7.jpg.pgm;41
../dbi151_catagorized_April-23_1/TestImages/mkotza/mkotza.2.jpg.pgm;42
../dbi151_catagorized_April-23_1/TestImages/mkotza/mkotza.15.jpg.pgm;42
../dbi151_catagorized_April-23_1/TestImages/llevet/llevet.10.jpg.pgm;43
../dbi151_catagorized_April-23_1/TestImages/llevet/llevet.19.jpg.pgm;43
../dbi151_catagorized_April-23_1/TestImages/dfarre/dfarre.2.jpg.pgm;44
../dbi151_catagorized_April-23_1/TestImages/dfarre/dfarre.15.jpg.pgm;44
../dbi151_catagorized_April-23_1/TestImages/jjohns/jjohns.6.jpg.pgm;45
../dbi151_catagorized_April-23_1/TestImages/jjohns/jjohns.19.jpg.pgm;45
../dbi151_catagorized_April-23_1/TestImages/pgolds/pgolds.10.jpg.pgm;46
../dbi151_catagorized_April-23_1/TestImages/pgolds/pgolds.18.jpg.pgm;46
../dbi151_catagorized_April-23_1/TestImages/9540644/9540644.3.jpg.pgm;47
../dbi151_catagorized_April-23_1/TestImages/9540644/9540644.18.jpg.pgm;47
../dbi151_catagorized_April-23_1/TestImages/elalio/elalio.9.jpg.pgm;48
../dbi151_catagorized_April-23_1/TestImages/elalio/elalio.1.jpg.pgm;48
../dbi151_catagorized_April-23_1/TestImages/pmbtin/pmbtin.20.jpg.pgm;49
../dbi151_catagorized_April-23_1/TestImages/pmbtin/pmbtin.8.jpg.pgm;49
../dbi151_catagorized_April-23_1/TestImages/shpill/shpill.8.jpg.pgm;50
../dbi151_catagorized_April-23_1/TestImages/shpill/shpill.18.jpg.pgm;50
../dbi151_catagorized_April-23_1/TestImages/amflem/amflem.1.jpg.pgm;51
../dbi151_catagorized_April-23_1/TestImages/amflem/amflem.14.jpg.pgm;51
../dbi151_catagorized_April-23_1/TestImages/kdaska/kdaska.16.jpg.pgm;52
../dbi151_catagorized_April-23_1/TestImages/kdaska/kdaska.3.jpg.pgm;52
../dbi151_catagorized_April-23_1/TestImages/spyount/spyount.11.jpg.pgm;53
../dbi151_catagorized_April-23_1/TestImages/spyount/spyount.17.jpg.pgm;53
../dbi151_catagorized_April-23_1/TestImages/alebes/alebes.6.jpg.pgm;54
../dbi151_catagorized_April-23_1/TestImages/alebes/alebes.9.jpg.pgm;54
../dbi151_catagorized_April-23_1/TestImages/9540628/9540628.6.jpg.pgm;55
../dbi151_catagorized_April-23_1/TestImages/9540628/9540628.12.jpg.pgm;55
../dbi151_catagorized_April-23_1/TestImages/moshep/moshep.19.jpg.pgm;56
../dbi151_catagorized_April-23_1/TestImages/moshep/moshep.3.jpg.pgm;56
../dbi151_catagorized_April-23_1/TestImages/wardcy/wardcy.14.jpg.pgm;57
../dbi151_catagorized_April-23_1/TestImages/wardcy/wardcy.6.jpg.pgm;57
../dbi151_catagorized_April-23_1/TestImages/rjobyr/rjobyr.2.jpg.pgm;58
../dbi151_catagorized_April-23_1/TestImages/rjobyr/rjobyr.16.jpg.pgm;58
../dbi151_catagorized_April-23_1/TestImages/9540784/9540784.16.jpg.pgm;59
../dbi151_catagorized_April-23_1/TestImages/9540784/9540784.3.jpg.pgm;59
../dbi151_catagorized_April-23_1/TestImages/wylsow/wylsow.4.jpg.pgm;60
../dbi151_catagorized_April-23_1/TestImages/wylsow/wylsow.19.jpg.pgm;60
../dbi151_catagorized_April-23_1/TestImages/9540733/9540733.13.jpg.pgm;61
../dbi151_catagorized_April-23_1/TestImages/9540733/9540733.12.jpg.pgm;61
../dbi151_catagorized_April-23_1/TestImages/azavro/azavro.15.jpg.pgm;62
../dbi151_catagorized_April-23_1/TestImages/azavro/azavro.8.jpg.pgm;62
../dbi151_catagorized_April-23_1/TestImages/pchyta/pchyta.6.jpg.pgm;63
../dbi151_catagorized_April-23_1/TestImages/pchyta/pchyta.19.jpg.pgm;63
../dbi151_catagorized_April-23_1/TestImages/rscoop/rscoop.3.jpg.pgm;64
../dbi151_catagorized_April-23_1/TestImages/rscoop/rscoop.15.jpg.pgm;64
../dbi151_catagorized_April-23_1/TestImages/bcbesta/bcbesta.12.jpg.pgm;65
../dbi151_catagorized_April-23_1/TestImages/bcbesta/bcbesta.1.jpg.pgm;65
../dbi151_catagorized_April-23_1/TestImages/pgray/pgray.14.jpg.pgm;66
../dbi151_catagorized_April-23_1/TestImages/pgray/pgray.4.jpg.pgm;66
../dbi151_catagorized_April-23_1/TestImages/darodr/darodr.12.jpg.pgm;67
../dbi151_catagorized_April-23_1/TestImages/darodr/darodr.1.jpg.pgm;67
../dbi151_catagorized_April-23_1/TestImages/9540822/9540822.16.jpg.pgm;68
../dbi151_catagorized_April-23_1/TestImages/9540822/9540822.6.jpg.pgm;68
../dbi151_catagorized_April-23_1/TestImages/jbgood/jbgood.7.jpg.pgm;69
../dbi151_catagorized_April-23_1/TestImages/jbgood/jbgood.15.jpg.pgm;69
../dbi151_catagorized_April-23_1/TestImages/pmathi/pmathi.3.jpg.pgm;70
../dbi151_catagorized_April-23_1/TestImages/pmathi/pmathi.18.jpg.pgm;70
../dbi151_catagorized_April-23_1/TestImages/rposbo/rposbo.6.jpg.pgm;71
../dbi151_catagorized_April-23_1/TestImages/rposbo/rposbo.14.jpg.pgm;71
../dbi151_catagorized_April-23_1/TestImages/jjkeho/jjkeho.20.jpg.pgm;72
../dbi151_catagorized_April-23_1/TestImages/jjkeho/jjkeho.8.jpg.pgm;72
../dbi151_catagorized_April-23_1/TestImages/smredh/smredh.17.jpg.pgm;73
../dbi151_catagorized_April-23_1/TestImages/smredh/smredh.8.jpg.pgm;73
../dbi151_catagorized_April-23_1/TestImages/acatsa/acatsa.14.jpg.pgm;74
../dbi151_catagorized_April-23_1/TestImages/acatsa/acatsa.20.jpg.pgm;74
../dbi151_catagorized_April-23_1/TestImages/mhoore/mhoore.11.jpg.pgm;75
../dbi151_catagorized_April-23_1/TestImages/mhoore/mhoore.5.jpg.pgm;75
../dbi151_catagorized_April-23_1/TestImages/arwebb/arwebb.3.jpg.pgm;76
../dbi151_catagorized_April-23_1/TestImages/arwebb/arwebb.15.jpg.pgm;76
../dbi151_catagorized_April-23_1/TestImages/bmphil/bmphil.4.jpg.pgm;77
../dbi151_catagorized_April-23_1/TestImages/bmphil/bmphil.14.jpg.pgm;77
../dbi151_catagorized_April-23_1/TestImages/reaton/reaton.20.jpg.pgm;78
../dbi151_catagorized_April-23_1/TestImages/reaton/reaton.10.jpg.pgm;78
../dbi151_catagorized_April-23_1/TestImages/djotto/djotto.15.jpg.pgm;79
../dbi151_catagorized_April-23_1/TestImages/djotto/djotto.2.jpg.pgm;79
../dbi151_catagorized_April-23_1/TestImages/wjsaic/wjsaic.18.jpg.pgm;80
../dbi151_catagorized_April-23_1/TestImages/wjsaic/wjsaic.7.jpg.pgm;80
../dbi151_catagorized_April-23_1/TestImages/aolcer/aolcer.6.jpg.pgm;81
../dbi151_catagorized_April-23_1/TestImages/aolcer/aolcer.15.jpg.pgm;81
../dbi151_catagorized_April-23_1/TestImages/gcprie/gcprie.2.jpg.pgm;82
../dbi151_catagorized_April-23_1/TestImages/gcprie/gcprie.19.jpg.pgm;82
../dbi151_catagorized_April-23_1/TestImages/9540512/9540512.1.jpg.pgm;83
../dbi151_catagorized_April-23_1/TestImages/9540512/9540512.15.jpg.pgm;83
../dbi151_catagorized_April-23_1/TestImages/9540709/9540709.4.jpg.pgm;84
../dbi151_catagorized_April-23_1/TestImages/9540709/9540709.17.jpg.pgm;84
../dbi151_catagorized_April-23_1/TestImages/9556273/9556273.9.jpg.pgm;85
../dbi151_catagorized_April-23_1/TestImages/9556273/9556273.20.jpg.pgm;85
../dbi151_catagorized_April-23_1/TestImages/mroper/mroper.14.jpg.pgm;86
../dbi151_catagorized_April-23_1/TestImages/mroper/mroper.4.jpg.pgm;86
../dbi151_catagorized_April-23_1/TestImages/jjdacl/jjdacl.17.jpg.pgm;87
../dbi151_catagorized_April-23_1/TestImages/jjdacl/jjdacl.7.jpg.pgm;87
../dbi151_catagorized_April-23_1/TestImages/jgelln/jgelln.7.jpg.pgm;88
../dbi151_catagorized_April-23_1/TestImages/jgelln/jgelln.14.jpg.pgm;88
../dbi151_catagorized_April-23_1/TestImages/cpatki/cpatki.20.jpg.pgm;89
../dbi151_catagorized_April-23_1/TestImages/cpatki/cpatki.1.jpg.pgm;89
../dbi151_catagorized_April-23_1/TestImages/jphoor/jphoor.18.jpg.pgm;90
../dbi151_catagorized_April-23_1/TestImages/jphoor/jphoor.7.jpg.pgm;90
../dbi151_catagorized_April-23_1/TestImages/nhotoo/nhotoo.13.jpg.pgm;91
../dbi151_catagorized_April-23_1/TestImages/nhotoo/nhotoo.8.jpg.pgm;91
../dbi151_catagorized_April-23_1/TestImages/9540547/9540547.1.jpg.pgm;92
../dbi151_catagorized_April-23_1/TestImages/9540547/9540547.10.jpg.pgm;92
../dbi151_catagorized_April-23_1/TestImages/cowie/cowie.1.jpg.pgm;93
../dbi151_catagorized_April-23_1/TestImages/cowie/cowie.14.jpg.pgm;93
../dbi151_catagorized_April-23_1/TestImages/ihopki/ihopki.14.jpg.pgm;94
../dbi151_catagorized_April-23_1/TestImages/ihopki/ihopki.8.jpg.pgm;94
../dbi151_catagorized_April-23_1/TestImages/Ibrahim/11.pgm;95
../dbi151_catagorized_April-23_1/TestImages/Ibrahim/12.pgm;95
../dbi151_catagorized_April-23_1/TestImages/Ibrahim/13.pgm;95
../dbi151_catagorized_April-23_1/TestImages/Ibrahim/10.pgm;95
../dbi151_catagorized_April-23_1/TestImages/amtalb/amtalb.4.jpg.pgm;96
../dbi151_catagorized_April-23_1/TestImages/amtalb/amtalb.20.jpg.pgm;96
../dbi151_catagorized_April-23_1/TestImages/adpoun/adpoun.17.jpg.pgm;97
../dbi151_catagorized_April-23_1/TestImages/adpoun/adpoun.8.jpg.pgm;97
../dbi151_catagorized_April-23_1/TestImages/gdsamp/gdsamp.14.jpg.pgm;98
../dbi151_catagorized_April-23_1/TestImages/gdsamp/gdsamp.3.jpg.pgm;98
../dbi151_catagorized_April-23_1/TestImages/smalga/smalga.1.jpg.pgm;99
../dbi151_catagorized_April-23_1/TestImages/smalga/smalga.11.jpg.pgm;99
../dbi151_catagorized_April-23_1/TestImages/rshaw/rshaw.12.jpg.pgm;100
../dbi151_catagorized_April-23_1/TestImages/rshaw/rshaw.4.jpg.pgm;100
../dbi151_catagorized_April-23_1/TestImages/pjmcar/pjmcar.3.jpg.pgm;101
../dbi151_catagorized_April-23_1/TestImages/pjmcar/pjmcar.11.jpg.pgm;101
../dbi151_catagorized_April-23_1/TestImages/mwilco/mwilco.16.jpg.pgm;102
../dbi151_catagorized_April-23_1/TestImages/mwilco/mwilco.6.jpg.pgm;102
../dbi151_catagorized_April-23_1/TestImages/pjburr/pjburr.15.jpg.pgm;103
../dbi151_catagorized_April-23_1/TestImages/pjburr/pjburr.3.jpg.pgm;103
../dbi151_catagorized_April-23_1/TestImages/atfpou/atfpou.12.jpg.pgm;104
../dbi151_catagorized_April-23_1/TestImages/atfpou/atfpou.17.jpg.pgm;104
../dbi151_catagorized_April-23_1/TestImages/9540792/9540792.2.jpg.pgm;105
../dbi151_catagorized_April-23_1/TestImages/9540792/9540792.16.jpg.pgm;105
../dbi151_catagorized_April-23_1/TestImages/9540474/9540474.20.jpg.pgm;106
../dbi151_catagorized_April-23_1/TestImages/9540474/9540474.10.jpg.pgm;106
../dbi151_catagorized_April-23_1/TestImages/nhahme/nhahme.18.jpg.pgm;107
../dbi151_catagorized_April-23_1/TestImages/nhahme/nhahme.6.jpg.pgm;107
../dbi151_catagorized_April-23_1/TestImages/djevan/djevan.18.jpg.pgm;108
../dbi151_catagorized_April-23_1/TestImages/djevan/djevan.5.jpg.pgm;108
../dbi151_catagorized_April-23_1/TestImages/rjwils/rjwils.4.jpg.pgm;109
../dbi151_catagorized_April-23_1/TestImages/rjwils/rjwils.12.jpg.pgm;109
../dbi151_catagorized_April-23_1/TestImages/gfilip/gfilip.3.jpg.pgm;110
../dbi151_catagorized_April-23_1/TestImages/gfilip/gfilip.19.jpg.pgm;110
../dbi151_catagorized_April-23_1/TestImages/ischou/ischou.19.jpg.pgm;111
../dbi151_catagorized_April-23_1/TestImages/ischou/ischou.5.jpg.pgm;111
../dbi151_catagorized_April-23_1/TestImages/9540601/9540601.2.jpg.pgm;112
../dbi151_catagorized_April-23_1/TestImages/9540601/9540601.12.jpg.pgm;112
../dbi151_catagorized_April-23_1/TestImages/jepott/jepott.7.jpg.pgm;113
../dbi151_catagorized_April-23_1/TestImages/jepott/jepott.14.jpg.pgm;113
../dbi151_catagorized_April-23_1/TestImages/dmcdow/dmcdow.2.jpg.pgm;114
../dbi151_catagorized_April-23_1/TestImages/dmcdow/dmcdow.19.jpg.pgm;114
../dbi151_catagorized_April-23_1/TestImages/mamago/mamago.7.jpg.pgm;115
../dbi151_catagorized_April-23_1/TestImages/mamago/mamago.17.jpg.pgm;115
../dbi151_catagorized_April-23_1/TestImages/rbrown/rbrown.14.jpg.pgm;116
../dbi151_catagorized_April-23_1/TestImages/rbrown/rbrown.2.jpg.pgm;116
../dbi151_catagorized_April-23_1/TestImages/cprice/cprice.2.jpg.pgm;117
../dbi151_catagorized_April-23_1/TestImages/cprice/cprice.17.jpg.pgm;117
../dbi151_catagorized_April-23_1/TestImages/pguan/pguan.20.jpg.pgm;118
../dbi151_catagorized_April-23_1/TestImages/pguan/pguan.5.jpg.pgm;118
../dbi151_catagorized_April-23_1/TestImages/nmakri/nmakri.7.jpg.pgm;119
../dbi151_catagorized_April-23_1/TestImages/nmakri/nmakri.19.jpg.pgm;119
../dbi151_catagorized_April-23_1/TestImages/filip/filip57707.1.jpg.pgm;120
../dbi151_catagorized_April-23_1/TestImages/filip/filip57707.9.jpg.pgm;120
../dbi151_catagorized_April-23_1/TestImages/hwyman/hwyman.3.jpg.pgm;121
../dbi151_catagorized_April-23_1/TestImages/hwyman/hwyman.11.jpg.pgm;121
../dbi151_catagorized_April-23_1/TestImages/swren/swren.4.jpg.pgm;122
../dbi151_catagorized_April-23_1/TestImages/swren/swren.12.jpg.pgm;122
../dbi151_catagorized_April-23_1/TestImages/mpdavie/mpdavie.18.jpg.pgm;123
../dbi151_catagorized_April-23_1/TestImages/mpdavie/mpdavie.6.jpg.pgm;123
../dbi151_catagorized_April-23_1/TestImages/tthurs/tthurs.17.jpg.pgm;124
../dbi151_catagorized_April-23_1/TestImages/tthurs/tthurs.4.jpg.pgm;124
../dbi151_catagorized_April-23_1/TestImages/djpben/djpben.15.jpg.pgm;125
../dbi151_catagorized_April-23_1/TestImages/djpben/djpben.2.jpg.pgm;125
../dbi151_catagorized_April-23_1/TestImages/shamilc/shamilc.6.jpg.pgm;126
../dbi151_catagorized_April-23_1/TestImages/shamilc/shamilc.14.jpg.pgm;126
../dbi151_catagorized_April-23_1/TestImages/tjpret/tjpret.20.jpg.pgm;127
../dbi151_catagorized_April-23_1/TestImages/tjpret/tjpret.12.jpg.pgm;127
../dbi151_catagorized_April-23_1/TestImages/mdcowl/mdcowl.3.jpg.pgm;128
../dbi151_catagorized_April-23_1/TestImages/mdcowl/mdcowl.19.jpg.pgm;128
../dbi151_catagorized_April-23_1/TestImages/idsizm/idsizm.15.jpg.pgm;129
../dbi151_catagorized_April-23_1/TestImages/idsizm/idsizm.2.jpg.pgm;129
../dbi151_catagorized_April-23_1/TestImages/9540652/9540652.17.jpg.pgm;130
../dbi151_catagorized_April-23_1/TestImages/9540652/9540652.7.jpg.pgm;130
../dbi151_catagorized_April-23_1/TestImages/jcgrij/jcgrij.6.jpg.pgm;131
../dbi151_catagorized_April-23_1/TestImages/jcgrij/jcgrij.16.jpg.pgm;131
../dbi151_catagorized_April-23_1/TestImages/lcelli/lcelli.4.jpg.pgm;132
../dbi151_catagorized_April-23_1/TestImages/lcelli/lcelli.13.jpg.pgm;132
../dbi151_catagorized_April-23_1/TestImages/ldebna/ldebna.2.jpg.pgm;133
../dbi151_catagorized_April-23_1/TestImages/ldebna/ldebna.14.jpg.pgm;133
../dbi151_catagorized_April-23_1/TestImages/kphans/kphans.11.jpg.pgm;134
../dbi151_catagorized_April-23_1/TestImages/kphans/kphans.15.jpg.pgm;134
../dbi151_catagorized_April-23_1/TestImages/todris/todris.17.jpg.pgm;135
../dbi151_catagorized_April-23_1/TestImages/todris/todris.12.jpg.pgm;135
../dbi151_catagorized_April-23_1/TestImages/pgfost/pgfost.13.jpg.pgm;136
../dbi151_catagorized_April-23_1/TestImages/pgfost/pgfost.8.jpg.pgm;136
../dbi151_catagorized_April-23_1/TestImages/gjbods/gjbods.6.jpg.pgm;137
../dbi151_catagorized_April-23_1/TestImages/gjbods/gjbods.14.jpg.pgm;137
../dbi151_catagorized_April-23_1/TestImages/dkourkf/dkourkf.13.jpg.pgm;138
../dbi151_catagorized_April-23_1/TestImages/dkourkf/dkourkf.8.jpg.pgm;138
../dbi151_catagorized_April-23_1/TestImages/dhaydo/dhaydo.11.jpg.pgm;139
../dbi151_catagorized_April-23_1/TestImages/dhaydo/dhaydo.1.jpg.pgm;139
../dbi151_catagorized_April-23_1/TestImages/icolli/icolli.6.jpg.pgm;140
../dbi151_catagorized_April-23_1/TestImages/icolli/icolli.16.jpg.pgm;140
../dbi151_catagorized_April-23_1/TestImages/nandri/nandri.1.jpg.pgm;141
../dbi151_catagorized_April-23_1/TestImages/nandri/nandri.9.jpg.pgm;141
../dbi151_catagorized_April-23_1/TestImages/cjhewi/cjhewi.17.jpg.pgm;142
../dbi151_catagorized_April-23_1/TestImages/cjhewi/cjhewi.3.jpg.pgm;142
../dbi151_catagorized_April-23_1/TestImages/smfarrf/smfarrf.5.jpg.pgm;143
../dbi151_catagorized_April-23_1/TestImages/smfarrf/smfarrf.13.jpg.pgm;143
../dbi151_catagorized_April-23_1/TestImages/hmgula/hmgula.16.jpg.pgm;144
../dbi151_catagorized_April-23_1/TestImages/hmgula/hmgula.5.jpg.pgm;144
../dbi151_catagorized_April-23_1/TestImages/snhopp/snhopp.11.jpg.pgm;145
../dbi151_catagorized_April-23_1/TestImages/snhopp/snhopp.3.jpg.pgm;145
../dbi151_catagorized_April-23_1/TestImages/9630643/9630643.5.jpg.pgm;146
../dbi151_catagorized_April-23_1/TestImages/9630643/9630643.1.jpg.pgm;146
../dbi151_catagorized_April-23_1/TestImages/dnoguy/dnoguy.14.jpg.pgm;147
../dbi151_catagorized_April-23_1/TestImages/dnoguy/dnoguy.3.jpg.pgm;147
../dbi151_catagorized_April-23_1/TestImages/pwest/pwest.9.jpg.pgm;148
../dbi151_catagorized_April-23_1/TestImages/pwest/pwest.16.jpg.pgm;148
../dbi151_catagorized_April-23_1/TestImages/gllong/gllong.20.jpg.pgm;149
../dbi151_catagorized_April-23_1/TestImages/gllong/gllong.12.jpg.pgm;149
