../Catagorized_Images_April_9/TrainingImages/W02/BioID_1168.pgm;0
../Catagorized_Images_April_9/TrainingImages/W02/BioID_0437.pgm;0
../Catagorized_Images_April_9/TrainingImages/W02/BioID_1156.pgm;0
../Catagorized_Images_April_9/TrainingImages/W02/BioID_1153.pgm;0
../Catagorized_Images_April_9/TrainingImages/W02/BioID_0427.pgm;0
../Catagorized_Images_April_9/TrainingImages/W02/BioID_0075.pgm;0
../Catagorized_Images_April_9/TrainingImages/W02/BioID_0060.pgm;0
../Catagorized_Images_April_9/TrainingImages/W02/BioID_0058.pgm;0
../Catagorized_Images_April_9/TrainingImages/W02/BioID_0439.pgm;0
../Catagorized_Images_April_9/TrainingImages/W02/BioID_0422.pgm;0
../Catagorized_Images_April_9/TrainingImages/W02/BioID_1158.pgm;0
../Catagorized_Images_April_9/TrainingImages/W02/BioID_0429.pgm;0
../Catagorized_Images_April_9/TrainingImages/W02/BioID_0073.pgm;0
../Catagorized_Images_April_9/TrainingImages/W02/BioID_0448.pgm;0
../Catagorized_Images_April_9/TrainingImages/W02/BioID_0440.pgm;0
../Catagorized_Images_April_9/TrainingImages/W02/BioID_0074.pgm;0
../Catagorized_Images_April_9/TrainingImages/W02/BioID_1159.pgm;0
../Catagorized_Images_April_9/TrainingImages/W02/BioID_0442.pgm;0
../Catagorized_Images_April_9/TrainingImages/W02/BioID_1161.pgm;0
../Catagorized_Images_April_9/TrainingImages/W02/BioID_0444.pgm;0
../Catagorized_Images_April_9/TrainingImages/W02/BioID_1172.pgm;0
../Catagorized_Images_April_9/TrainingImages/W02/BioID_0441.pgm;0
../Catagorized_Images_April_9/TrainingImages/W02/BioID_0068.pgm;0
../Catagorized_Images_April_9/TrainingImages/W02/BioID_1170.pgm;0
../Catagorized_Images_April_9/TrainingImages/W02/BioID_0050.pgm;0
../Catagorized_Images_April_9/TrainingImages/W02/BioID_0446.pgm;0
../Catagorized_Images_April_9/TrainingImages/W02/BioID_0418.pgm;0
../Catagorized_Images_April_9/TrainingImages/W02/BioID_0065.pgm;0
../Catagorized_Images_April_9/TrainingImages/W02/BioID_0056.pgm;0
../Catagorized_Images_April_9/TrainingImages/W02/BioID_0064.pgm;0
../Catagorized_Images_April_9/TrainingImages/W02/BioID_0051.pgm;0
../Catagorized_Images_April_9/TrainingImages/W02/BioID_0069.pgm;0
../Catagorized_Images_April_9/TrainingImages/W02/BioID_1165.pgm;0
../Catagorized_Images_April_9/TrainingImages/W02/BioID_1154.pgm;0
../Catagorized_Images_April_9/TrainingImages/W02/BioID_1169.pgm;0
../Catagorized_Images_April_9/TrainingImages/W02/BioID_0053.pgm;0
../Catagorized_Images_April_9/TrainingImages/W02/BioID_0423.pgm;0
../Catagorized_Images_April_9/TrainingImages/W02/BioID_0435.pgm;0
../Catagorized_Images_April_9/TrainingImages/W02/BioID_1162.pgm;0
../Catagorized_Images_April_9/TrainingImages/W02/BioID_0431.pgm;0
../Catagorized_Images_April_9/TrainingImages/W02/BioID_0070.pgm;0
../Catagorized_Images_April_9/TrainingImages/W02/BioID_0445.pgm;0
../Catagorized_Images_April_9/TrainingImages/W02/BioID_0054.pgm;0
../Catagorized_Images_April_9/TrainingImages/W02/BioID_0062.pgm;0
../Catagorized_Images_April_9/TrainingImages/W02/BioID_0055.pgm;0
../Catagorized_Images_April_9/TrainingImages/W02/BioID_0072.pgm;0
../Catagorized_Images_April_9/TrainingImages/W02/BioID_0432.pgm;0
../Catagorized_Images_April_9/TrainingImages/W02/BioID_0059.pgm;0
../Catagorized_Images_April_9/TrainingImages/W02/BioID_0447.pgm;0
../Catagorized_Images_April_9/TrainingImages/W02/BioID_1173.pgm;0
../Catagorized_Images_April_9/TrainingImages/W02/BioID_0420.pgm;0
../Catagorized_Images_April_9/TrainingImages/W02/BioID_0430.pgm;0
../Catagorized_Images_April_9/TrainingImages/W02/BioID_0433.pgm;0
../Catagorized_Images_April_9/TrainingImages/W02/BioID_0426.pgm;0
../Catagorized_Images_April_9/TrainingImages/W02/BioID_0057.pgm;0
../Catagorized_Images_April_9/TrainingImages/W02/BioID_1163.pgm;0
../Catagorized_Images_April_9/TrainingImages/W02/BioID_0438.pgm;0
../Catagorized_Images_April_9/TrainingImages/W02/BioID_0063.pgm;0
../Catagorized_Images_April_9/TrainingImages/W02/BioID_0436.pgm;0
../Catagorized_Images_April_9/TrainingImages/W02/BioID_0066.pgm;0
../Catagorized_Images_April_9/TrainingImages/W02/BioID_1160.pgm;0
../Catagorized_Images_April_9/TrainingImages/W02/BioID_1166.pgm;0
../Catagorized_Images_April_9/TrainingImages/W02/BioID_0421.pgm;0
../Catagorized_Images_April_9/TrainingImages/W02/BioID_0425.pgm;0
../Catagorized_Images_April_9/TrainingImages/W02/BioID_0071.pgm;0
../Catagorized_Images_April_9/TrainingImages/W02/BioID_0061.pgm;0
../Catagorized_Images_April_9/TrainingImages/W02/BioID_0434.pgm;0
../Catagorized_Images_April_9/TrainingImages/W02/BioID_1167.pgm;0
../Catagorized_Images_April_9/TrainingImages/W02/BioID_0424.pgm;0
../Catagorized_Images_April_9/TrainingImages/W02/BioID_1157.pgm;0
../Catagorized_Images_April_9/TrainingImages/W04/BioID_1389.pgm;1
../Catagorized_Images_April_9/TrainingImages/W04/BioID_1430.pgm;1
../Catagorized_Images_April_9/TrainingImages/W04/BioID_0450.pgm;1
../Catagorized_Images_April_9/TrainingImages/W04/BioID_0458.pgm;1
../Catagorized_Images_April_9/TrainingImages/W04/BioID_1426.pgm;1
../Catagorized_Images_April_9/TrainingImages/W04/BioID_1400.pgm;1
../Catagorized_Images_April_9/TrainingImages/W04/BioID_1424.pgm;1
../Catagorized_Images_April_9/TrainingImages/W04/BioID_1395.pgm;1
../Catagorized_Images_April_9/TrainingImages/W04/BioID_1418.pgm;1
../Catagorized_Images_April_9/TrainingImages/W04/BioID_1391.pgm;1
../Catagorized_Images_April_9/TrainingImages/W04/BioID_1429.pgm;1
../Catagorized_Images_April_9/TrainingImages/W04/BioID_1433.pgm;1
../Catagorized_Images_April_9/TrainingImages/W04/BioID_1438.pgm;1
../Catagorized_Images_April_9/TrainingImages/W04/BioID_1432.pgm;1
../Catagorized_Images_April_9/TrainingImages/W04/BioID_0255.pgm;1
../Catagorized_Images_April_9/TrainingImages/W04/BioID_0467.pgm;1
../Catagorized_Images_April_9/TrainingImages/W04/BioID_1401.pgm;1
../Catagorized_Images_April_9/TrainingImages/W04/BioID_0466.pgm;1
../Catagorized_Images_April_9/TrainingImages/W04/BioID_1404.pgm;1
../Catagorized_Images_April_9/TrainingImages/W04/BioID_1431.pgm;1
../Catagorized_Images_April_9/TrainingImages/W04/BioID_0465.pgm;1
../Catagorized_Images_April_9/TrainingImages/W04/BioID_0243.pgm;1
../Catagorized_Images_April_9/TrainingImages/W04/BioID_1428.pgm;1
../Catagorized_Images_April_9/TrainingImages/W04/BioID_0453.pgm;1
../Catagorized_Images_April_9/TrainingImages/W04/BioID_1408.pgm;1
../Catagorized_Images_April_9/TrainingImages/W04/BioID_1392.pgm;1
../Catagorized_Images_April_9/TrainingImages/W04/BioID_1427.pgm;1
../Catagorized_Images_April_9/TrainingImages/W04/BioID_0473.pgm;1
../Catagorized_Images_April_9/TrainingImages/W04/BioID_0449.pgm;1
../Catagorized_Images_April_9/TrainingImages/W04/BioID_1403.pgm;1
../Catagorized_Images_April_9/TrainingImages/W04/BioID_0461.pgm;1
../Catagorized_Images_April_9/TrainingImages/W04/BioID_1402.pgm;1
../Catagorized_Images_April_9/TrainingImages/W04/BioID_1413.pgm;1
../Catagorized_Images_April_9/TrainingImages/W04/BioID_1390.pgm;1
../Catagorized_Images_April_9/TrainingImages/W04/BioID_1398.pgm;1
../Catagorized_Images_April_9/TrainingImages/W04/BioID_1405.pgm;1
../Catagorized_Images_April_9/TrainingImages/W04/BioID_0247.pgm;1
../Catagorized_Images_April_9/TrainingImages/W04/BioID_0245.pgm;1
../Catagorized_Images_April_9/TrainingImages/W04/BioID_1393.pgm;1
../Catagorized_Images_April_9/TrainingImages/W04/BioID_0254.pgm;1
../Catagorized_Images_April_9/TrainingImages/W04/BioID_0456.pgm;1
../Catagorized_Images_April_9/TrainingImages/W04/BioID_1421.pgm;1
../Catagorized_Images_April_9/TrainingImages/W04/BioID_1394.pgm;1
../Catagorized_Images_April_9/TrainingImages/W04/BioID_0249.pgm;1
../Catagorized_Images_April_9/TrainingImages/W04/BioID_1407.pgm;1
../Catagorized_Images_April_9/TrainingImages/W04/BioID_0476.pgm;1
../Catagorized_Images_April_9/TrainingImages/W04/BioID_1440.pgm;1
../Catagorized_Images_April_9/TrainingImages/W04/BioID_0248.pgm;1
../Catagorized_Images_April_9/TrainingImages/W04/BioID_0451.pgm;1
../Catagorized_Images_April_9/TrainingImages/W04/BioID_1414.pgm;1
../Catagorized_Images_April_9/TrainingImages/W04/BioID_0250.pgm;1
../Catagorized_Images_April_9/TrainingImages/W04/BioID_0471.pgm;1
../Catagorized_Images_April_9/TrainingImages/W04/BioID_0469.pgm;1
../Catagorized_Images_April_9/TrainingImages/W04/BioID_0462.pgm;1
../Catagorized_Images_April_9/TrainingImages/W04/BioID_1416.pgm;1
../Catagorized_Images_April_9/TrainingImages/W04/BioID_0475.pgm;1
../Catagorized_Images_April_9/TrainingImages/W04/BioID_1419.pgm;1
../Catagorized_Images_April_9/TrainingImages/W04/BioID_1434.pgm;1
../Catagorized_Images_April_9/TrainingImages/W04/BioID_0468.pgm;1
../Catagorized_Images_April_9/TrainingImages/W04/BioID_0257.pgm;1
../Catagorized_Images_April_9/TrainingImages/W04/BioID_0474.pgm;1
../Catagorized_Images_April_9/TrainingImages/W04/BioID_0481.pgm;1
../Catagorized_Images_April_9/TrainingImages/W04/BioID_1437.pgm;1
../Catagorized_Images_April_9/TrainingImages/W04/BioID_0459.pgm;1
../Catagorized_Images_April_9/TrainingImages/W04/BioID_1410.pgm;1
../Catagorized_Images_April_9/TrainingImages/W04/BioID_0241.pgm;1
../Catagorized_Images_April_9/TrainingImages/W04/BioID_1412.pgm;1
../Catagorized_Images_April_9/TrainingImages/W04/BioID_1397.pgm;1
../Catagorized_Images_April_9/TrainingImages/W04/BioID_1425.pgm;1
../Catagorized_Images_April_9/TrainingImages/W04/BioID_0246.pgm;1
../Catagorized_Images_April_9/TrainingImages/W04/BioID_1420.pgm;1
../Catagorized_Images_April_9/TrainingImages/W04/BioID_0253.pgm;1
../Catagorized_Images_April_9/TrainingImages/W04/BioID_1399.pgm;1
../Catagorized_Images_April_9/TrainingImages/W04/BioID_0478.pgm;1
../Catagorized_Images_April_9/TrainingImages/W04/BioID_0472.pgm;1
../Catagorized_Images_April_9/TrainingImages/W04/BioID_1423.pgm;1
../Catagorized_Images_April_9/TrainingImages/W04/BioID_1387.pgm;1
../Catagorized_Images_April_9/TrainingImages/W04/BioID_1411.pgm;1
../Catagorized_Images_April_9/TrainingImages/W04/BioID_0463.pgm;1
../Catagorized_Images_April_9/TrainingImages/W04/BioID_0479.pgm;1
../Catagorized_Images_April_9/TrainingImages/W04/BioID_0477.pgm;1
../Catagorized_Images_April_9/TrainingImages/W04/BioID_0457.pgm;1
../Catagorized_Images_April_9/TrainingImages/W04/BioID_1406.pgm;1
../Catagorized_Images_April_9/TrainingImages/W04/BioID_0464.pgm;1
../Catagorized_Images_April_9/TrainingImages/W04/BioID_0480.pgm;1
../Catagorized_Images_April_9/TrainingImages/W04/BioID_1422.pgm;1
../Catagorized_Images_April_9/TrainingImages/W04/BioID_0454.pgm;1
../Catagorized_Images_April_9/TrainingImages/W04/BioID_0460.pgm;1
../Catagorized_Images_April_9/TrainingImages/W04/BioID_0242.pgm;1
../Catagorized_Images_April_9/TrainingImages/W04/BioID_0455.pgm;1
../Catagorized_Images_April_9/TrainingImages/W04/BioID_0252.pgm;1
../Catagorized_Images_April_9/TrainingImages/W04/BioID_0258.pgm;1
../Catagorized_Images_April_9/TrainingImages/W04/BioID_0251.pgm;1
../Catagorized_Images_April_9/TrainingImages/W04/BioID_1436.pgm;1
../Catagorized_Images_April_9/TrainingImages/W04/BioID_1409.pgm;1
../Catagorized_Images_April_9/TrainingImages/W04/BioID_1439.pgm;1
../Catagorized_Images_April_9/TrainingImages/W04/BioID_1415.pgm;1
../Catagorized_Images_April_9/TrainingImages/W04/BioID_1388.pgm;1
../Catagorized_Images_April_9/TrainingImages/W04/BioID_0259.pgm;1
../Catagorized_Images_April_9/TrainingImages/M08/BioID_0903.pgm;2
../Catagorized_Images_April_9/TrainingImages/M08/BioID_0893.pgm;2
../Catagorized_Images_April_9/TrainingImages/M08/BioID_0894.pgm;2
../Catagorized_Images_April_9/TrainingImages/M08/BioID_0899.pgm;2
../Catagorized_Images_April_9/TrainingImages/M08/BioID_0908.pgm;2
../Catagorized_Images_April_9/TrainingImages/M08/BioID_0917.pgm;2
../Catagorized_Images_April_9/TrainingImages/M08/BioID_0896.pgm;2
../Catagorized_Images_April_9/TrainingImages/M08/BioID_0914.pgm;2
../Catagorized_Images_April_9/TrainingImages/M08/BioID_0912.pgm;2
../Catagorized_Images_April_9/TrainingImages/M08/BioID_0909.pgm;2
../Catagorized_Images_April_9/TrainingImages/M08/BioID_0910.pgm;2
../Catagorized_Images_April_9/TrainingImages/M08/BioID_0901.pgm;2
../Catagorized_Images_April_9/TrainingImages/M08/BioID_0907.pgm;2
../Catagorized_Images_April_9/TrainingImages/M08/BioID_0916.pgm;2
../Catagorized_Images_April_9/TrainingImages/M08/BioID_0905.pgm;2
../Catagorized_Images_April_9/TrainingImages/M08/BioID_0902.pgm;2
../Catagorized_Images_April_9/TrainingImages/M08/BioID_0898.pgm;2
../Catagorized_Images_April_9/TrainingImages/M08/BioID_0897.pgm;2
../Catagorized_Images_April_9/TrainingImages/M08/BioID_0900.pgm;2
../Catagorized_Images_April_9/TrainingImages/M08/BioID_0906.pgm;2
../Catagorized_Images_April_9/TrainingImages/M08/BioID_0911.pgm;2
../Catagorized_Images_April_9/TrainingImages/M08/BioID_0915.pgm;2
../Catagorized_Images_April_9/TrainingImages/W05/BioID_0644.pgm;3
../Catagorized_Images_April_9/TrainingImages/W05/BioID_1386.pgm;3
../Catagorized_Images_April_9/TrainingImages/W05/BioID_1367.pgm;3
../Catagorized_Images_April_9/TrainingImages/W05/BioID_1364.pgm;3
../Catagorized_Images_April_9/TrainingImages/W05/BioID_1517.pgm;3
../Catagorized_Images_April_9/TrainingImages/W05/BioID_1518.pgm;3
../Catagorized_Images_April_9/TrainingImages/W05/BioID_0646.pgm;3
../Catagorized_Images_April_9/TrainingImages/W05/BioID_1372.pgm;3
../Catagorized_Images_April_9/TrainingImages/W05/BioID_1379.pgm;3
../Catagorized_Images_April_9/TrainingImages/W05/BioID_1362.pgm;3
../Catagorized_Images_April_9/TrainingImages/W05/BioID_1385.pgm;3
../Catagorized_Images_April_9/TrainingImages/W05/BioID_1380.pgm;3
../Catagorized_Images_April_9/TrainingImages/W05/BioID_1371.pgm;3
../Catagorized_Images_April_9/TrainingImages/W05/BioID_1369.pgm;3
../Catagorized_Images_April_9/TrainingImages/W05/BioID_1359.pgm;3
../Catagorized_Images_April_9/TrainingImages/W05/BioID_0643.pgm;3
../Catagorized_Images_April_9/TrainingImages/W05/BioID_1370.pgm;3
../Catagorized_Images_April_9/TrainingImages/W05/BioID_1360.pgm;3
../Catagorized_Images_April_9/TrainingImages/W05/BioID_1383.pgm;3
../Catagorized_Images_April_9/TrainingImages/W05/BioID_1382.pgm;3
../Catagorized_Images_April_9/TrainingImages/W05/BioID_0648.pgm;3
../Catagorized_Images_April_9/TrainingImages/W05/BioID_1378.pgm;3
../Catagorized_Images_April_9/TrainingImages/W05/BioID_1374.pgm;3
../Catagorized_Images_April_9/TrainingImages/W05/BioID_1515.pgm;3
../Catagorized_Images_April_9/TrainingImages/W05/BioID_0645.pgm;3
../Catagorized_Images_April_9/TrainingImages/W05/BioID_1377.pgm;3
../Catagorized_Images_April_9/TrainingImages/W05/BioID_1375.pgm;3
../Catagorized_Images_April_9/TrainingImages/W05/BioID_1363.pgm;3
../Catagorized_Images_April_9/TrainingImages/W05/BioID_1368.pgm;3
../Catagorized_Images_April_9/TrainingImages/W05/BioID_1366.pgm;3
../Catagorized_Images_April_9/TrainingImages/W05/BioID_1376.pgm;3
../Catagorized_Images_April_9/TrainingImages/W05/BioID_0647.pgm;3
../Catagorized_Images_April_9/TrainingImages/W05/BioID_1365.pgm;3
../Catagorized_Images_April_9/TrainingImages/W05/BioID_1516.pgm;3
../Catagorized_Images_April_9/TrainingImages/W05/BioID_1381.pgm;3
../Catagorized_Images_April_9/TrainingImages/W05/BioID_1519.pgm;3
../Catagorized_Images_April_9/TrainingImages/M17/BioID_1286.pgm;4
../Catagorized_Images_April_9/TrainingImages/M17/BioID_1288.pgm;4
../Catagorized_Images_April_9/TrainingImages/M17/BioID_1254.pgm;4
../Catagorized_Images_April_9/TrainingImages/M17/BioID_1274.pgm;4
../Catagorized_Images_April_9/TrainingImages/M17/BioID_1272.pgm;4
../Catagorized_Images_April_9/TrainingImages/M17/BioID_1253.pgm;4
../Catagorized_Images_April_9/TrainingImages/M17/BioID_1248.pgm;4
../Catagorized_Images_April_9/TrainingImages/M17/BioID_1277.pgm;4
../Catagorized_Images_April_9/TrainingImages/M17/BioID_1281.pgm;4
../Catagorized_Images_April_9/TrainingImages/M17/BioID_1279.pgm;4
../Catagorized_Images_April_9/TrainingImages/M17/BioID_1263.pgm;4
../Catagorized_Images_April_9/TrainingImages/M17/BioID_1249.pgm;4
../Catagorized_Images_April_9/TrainingImages/M17/BioID_1265.pgm;4
../Catagorized_Images_April_9/TrainingImages/M17/BioID_1273.pgm;4
../Catagorized_Images_April_9/TrainingImages/M17/BioID_1257.pgm;4
../Catagorized_Images_April_9/TrainingImages/M17/BioID_1289.pgm;4
../Catagorized_Images_April_9/TrainingImages/M17/BioID_1269.pgm;4
../Catagorized_Images_April_9/TrainingImages/M17/BioID_1266.pgm;4
../Catagorized_Images_April_9/TrainingImages/M17/BioID_1259.pgm;4
../Catagorized_Images_April_9/TrainingImages/M17/BioID_1267.pgm;4
../Catagorized_Images_April_9/TrainingImages/M17/BioID_1256.pgm;4
../Catagorized_Images_April_9/TrainingImages/M17/BioID_1275.pgm;4
../Catagorized_Images_April_9/TrainingImages/M17/BioID_1268.pgm;4
../Catagorized_Images_April_9/TrainingImages/M17/BioID_1278.pgm;4
../Catagorized_Images_April_9/TrainingImages/M17/BioID_1284.pgm;4
../Catagorized_Images_April_9/TrainingImages/M17/BioID_1291.pgm;4
../Catagorized_Images_April_9/TrainingImages/M17/BioID_1260.pgm;4
../Catagorized_Images_April_9/TrainingImages/M17/BioID_1276.pgm;4
../Catagorized_Images_April_9/TrainingImages/M17/BioID_1250.pgm;4
../Catagorized_Images_April_9/TrainingImages/M17/BioID_1285.pgm;4
../Catagorized_Images_April_9/TrainingImages/M17/BioID_1247.pgm;4
../Catagorized_Images_April_9/TrainingImages/M17/BioID_1270.pgm;4
../Catagorized_Images_April_9/TrainingImages/M17/BioID_1292.pgm;4
../Catagorized_Images_April_9/TrainingImages/M17/BioID_1243.pgm;4
../Catagorized_Images_April_9/TrainingImages/M17/BioID_1255.pgm;4
../Catagorized_Images_April_9/TrainingImages/M17/BioID_1262.pgm;4
../Catagorized_Images_April_9/TrainingImages/M17/BioID_1264.pgm;4
../Catagorized_Images_April_9/TrainingImages/M17/BioID_1287.pgm;4
../Catagorized_Images_April_9/TrainingImages/M17/BioID_1252.pgm;4
../Catagorized_Images_April_9/TrainingImages/M17/BioID_1282.pgm;4
../Catagorized_Images_April_9/TrainingImages/M17/BioID_1280.pgm;4
../Catagorized_Images_April_9/TrainingImages/M17/BioID_1245.pgm;4
../Catagorized_Images_April_9/TrainingImages/M17/BioID_1258.pgm;4
../Catagorized_Images_April_9/TrainingImages/M17/BioID_1251.pgm;4
../Catagorized_Images_April_9/TrainingImages/M17/BioID_1244.pgm;4
../Catagorized_Images_April_9/TrainingImages/M07/BioID_1071.pgm;5
../Catagorized_Images_April_9/TrainingImages/M07/BioID_1036.pgm;5
../Catagorized_Images_April_9/TrainingImages/M07/BioID_0231.pgm;5
../Catagorized_Images_April_9/TrainingImages/M07/BioID_0223.pgm;5
../Catagorized_Images_April_9/TrainingImages/M07/BioID_1067.pgm;5
../Catagorized_Images_April_9/TrainingImages/M07/BioID_0238.pgm;5
../Catagorized_Images_April_9/TrainingImages/M07/BioID_1034.pgm;5
../Catagorized_Images_April_9/TrainingImages/M07/BioID_1078.pgm;5
../Catagorized_Images_April_9/TrainingImages/M07/BioID_1076.pgm;5
../Catagorized_Images_April_9/TrainingImages/M07/BioID_1039.pgm;5
../Catagorized_Images_April_9/TrainingImages/M07/BioID_1073.pgm;5
../Catagorized_Images_April_9/TrainingImages/M07/BioID_1040.pgm;5
../Catagorized_Images_April_9/TrainingImages/M07/BioID_1048.pgm;5
../Catagorized_Images_April_9/TrainingImages/M07/BioID_0232.pgm;5
../Catagorized_Images_April_9/TrainingImages/M07/BioID_0222.pgm;5
../Catagorized_Images_April_9/TrainingImages/M07/BioID_1063.pgm;5
../Catagorized_Images_April_9/TrainingImages/M07/BioID_1051.pgm;5
../Catagorized_Images_April_9/TrainingImages/M07/BioID_1033.pgm;5
../Catagorized_Images_April_9/TrainingImages/M07/BioID_1050.pgm;5
../Catagorized_Images_April_9/TrainingImages/M07/BioID_1044.pgm;5
../Catagorized_Images_April_9/TrainingImages/M07/BioID_0229.pgm;5
../Catagorized_Images_April_9/TrainingImages/M07/BioID_0227.pgm;5
../Catagorized_Images_April_9/TrainingImages/M07/BioID_1030.pgm;5
../Catagorized_Images_April_9/TrainingImages/M07/BioID_1061.pgm;5
../Catagorized_Images_April_9/TrainingImages/M07/BioID_1069.pgm;5
../Catagorized_Images_April_9/TrainingImages/M07/BioID_1059.pgm;5
../Catagorized_Images_April_9/TrainingImages/M07/BioID_1060.pgm;5
../Catagorized_Images_April_9/TrainingImages/M07/BioID_0239.pgm;5
../Catagorized_Images_April_9/TrainingImages/M07/BioID_1070.pgm;5
../Catagorized_Images_April_9/TrainingImages/M07/BioID_0234.pgm;5
../Catagorized_Images_April_9/TrainingImages/M07/BioID_1042.pgm;5
../Catagorized_Images_April_9/TrainingImages/M07/BioID_0228.pgm;5
../Catagorized_Images_April_9/TrainingImages/M07/BioID_1065.pgm;5
../Catagorized_Images_April_9/TrainingImages/M07/BioID_1043.pgm;5
../Catagorized_Images_April_9/TrainingImages/M07/BioID_1055.pgm;5
../Catagorized_Images_April_9/TrainingImages/M07/BioID_1057.pgm;5
../Catagorized_Images_April_9/TrainingImages/M07/BioID_1072.pgm;5
../Catagorized_Images_April_9/TrainingImages/M07/BioID_1058.pgm;5
../Catagorized_Images_April_9/TrainingImages/M07/BioID_1027.pgm;5
../Catagorized_Images_April_9/TrainingImages/M07/BioID_1068.pgm;5
../Catagorized_Images_April_9/TrainingImages/M07/BioID_1056.pgm;5
../Catagorized_Images_April_9/TrainingImages/M07/BioID_1074.pgm;5
../Catagorized_Images_April_9/TrainingImages/M07/BioID_0235.pgm;5
../Catagorized_Images_April_9/TrainingImages/M07/BioID_1028.pgm;5
../Catagorized_Images_April_9/TrainingImages/M07/BioID_1038.pgm;5
../Catagorized_Images_April_9/TrainingImages/M07/BioID_1041.pgm;5
../Catagorized_Images_April_9/TrainingImages/M07/BioID_0226.pgm;5
../Catagorized_Images_April_9/TrainingImages/M07/BioID_1077.pgm;5
../Catagorized_Images_April_9/TrainingImages/M07/BioID_1037.pgm;5
../Catagorized_Images_April_9/TrainingImages/M07/BioID_1066.pgm;5
../Catagorized_Images_April_9/TrainingImages/M07/BioID_0236.pgm;5
../Catagorized_Images_April_9/TrainingImages/M07/BioID_0230.pgm;5
../Catagorized_Images_April_9/TrainingImages/M07/BioID_1062.pgm;5
../Catagorized_Images_April_9/TrainingImages/M07/BioID_1052.pgm;5
../Catagorized_Images_April_9/TrainingImages/M07/BioID_1045.pgm;5
../Catagorized_Images_April_9/TrainingImages/M07/BioID_1049.pgm;5
../Catagorized_Images_April_9/TrainingImages/M07/BioID_0224.pgm;5
../Catagorized_Images_April_9/TrainingImages/M07/BioID_1029.pgm;5
../Catagorized_Images_April_9/TrainingImages/M07/BioID_1046.pgm;5
../Catagorized_Images_April_9/TrainingImages/M07/BioID_1047.pgm;5
../Catagorized_Images_April_9/TrainingImages/M07/BioID_1035.pgm;5
../Catagorized_Images_April_9/TrainingImages/M07/BioID_0240.pgm;5
../Catagorized_Images_April_9/TrainingImages/M07/BioID_0233.pgm;5
../Catagorized_Images_April_9/TrainingImages/M07/BioID_1053.pgm;5
../Catagorized_Images_April_9/TrainingImages/M07/BioID_1032.pgm;5
../Catagorized_Images_April_9/TrainingImages/M01/BioID_1005.pgm;6
../Catagorized_Images_April_9/TrainingImages/M01/BioID_0099.pgm;6
../Catagorized_Images_April_9/TrainingImages/M01/BioID_0979.pgm;6
../Catagorized_Images_April_9/TrainingImages/M01/BioID_0977.pgm;6
../Catagorized_Images_April_9/TrainingImages/M01/BioID_0999.pgm;6
../Catagorized_Images_April_9/TrainingImages/M01/BioID_0976.pgm;6
../Catagorized_Images_April_9/TrainingImages/M01/BioID_0989.pgm;6
../Catagorized_Images_April_9/TrainingImages/M01/BioID_0107.pgm;6
../Catagorized_Images_April_9/TrainingImages/M01/BioID_0109.pgm;6
../Catagorized_Images_April_9/TrainingImages/M01/BioID_0102.pgm;6
../Catagorized_Images_April_9/TrainingImages/M01/BioID_0985.pgm;6
../Catagorized_Images_April_9/TrainingImages/M01/BioID_1008.pgm;6
../Catagorized_Images_April_9/TrainingImages/M01/BioID_0105.pgm;6
../Catagorized_Images_April_9/TrainingImages/M01/BioID_0103.pgm;6
../Catagorized_Images_April_9/TrainingImages/M01/BioID_1004.pgm;6
../Catagorized_Images_April_9/TrainingImages/M01/BioID_0101.pgm;6
../Catagorized_Images_April_9/TrainingImages/M01/BioID_0975.pgm;6
../Catagorized_Images_April_9/TrainingImages/M01/BioID_0993.pgm;6
../Catagorized_Images_April_9/TrainingImages/M01/BioID_0104.pgm;6
../Catagorized_Images_April_9/TrainingImages/M01/BioID_1006.pgm;6
../Catagorized_Images_April_9/TrainingImages/M01/BioID_0998.pgm;6
../Catagorized_Images_April_9/TrainingImages/M01/BioID_0986.pgm;6
../Catagorized_Images_April_9/TrainingImages/M01/BioID_1000.pgm;6
../Catagorized_Images_April_9/TrainingImages/M01/BioID_0983.pgm;6
../Catagorized_Images_April_9/TrainingImages/M01/BioID_1009.pgm;6
../Catagorized_Images_April_9/TrainingImages/M01/BioID_0113.pgm;6
../Catagorized_Images_April_9/TrainingImages/M01/BioID_0114.pgm;6
../Catagorized_Images_April_9/TrainingImages/M01/BioID_0111.pgm;6
../Catagorized_Images_April_9/TrainingImages/M01/BioID_1011.pgm;6
../Catagorized_Images_April_9/TrainingImages/M01/BioID_0994.pgm;6
../Catagorized_Images_April_9/TrainingImages/M01/BioID_0098.pgm;6
../Catagorized_Images_April_9/TrainingImages/M01/BioID_0990.pgm;6
../Catagorized_Images_April_9/TrainingImages/M01/BioID_1013.pgm;6
../Catagorized_Images_April_9/TrainingImages/M01/BioID_0988.pgm;6
../Catagorized_Images_April_9/TrainingImages/M01/BioID_1007.pgm;6
../Catagorized_Images_April_9/TrainingImages/M01/BioID_0981.pgm;6
../Catagorized_Images_April_9/TrainingImages/M01/BioID_1002.pgm;6
../Catagorized_Images_April_9/TrainingImages/M01/BioID_0997.pgm;6
../Catagorized_Images_April_9/TrainingImages/M01/BioID_0987.pgm;6
../Catagorized_Images_April_9/TrainingImages/M01/BioID_0991.pgm;6
../Catagorized_Images_April_9/TrainingImages/M01/BioID_1001.pgm;6
../Catagorized_Images_April_9/TrainingImages/M01/BioID_0973.pgm;6
../Catagorized_Images_April_9/TrainingImages/M01/BioID_0980.pgm;6
../Catagorized_Images_April_9/TrainingImages/M01/BioID_0110.pgm;6
../Catagorized_Images_April_9/TrainingImages/M01/BioID_0982.pgm;6
../Catagorized_Images_April_9/TrainingImages/M01/BioID_1003.pgm;6
../Catagorized_Images_April_9/TrainingImages/M01/BioID_0995.pgm;6
../Catagorized_Images_April_9/TrainingImages/M01/BioID_0108.pgm;6
../Catagorized_Images_April_9/TrainingImages/M12/BioID_1312.pgm;7
../Catagorized_Images_April_9/TrainingImages/M12/BioID_0642.pgm;7
../Catagorized_Images_April_9/TrainingImages/M12/BioID_1316.pgm;7
../Catagorized_Images_April_9/TrainingImages/M12/BioID_0635.pgm;7
../Catagorized_Images_April_9/TrainingImages/M12/BioID_1302.pgm;7
../Catagorized_Images_April_9/TrainingImages/M12/BioID_1299.pgm;7
../Catagorized_Images_April_9/TrainingImages/M12/BioID_1295.pgm;7
../Catagorized_Images_April_9/TrainingImages/M12/BioID_1303.pgm;7
../Catagorized_Images_April_9/TrainingImages/M12/BioID_1296.pgm;7
../Catagorized_Images_April_9/TrainingImages/M12/BioID_1317.pgm;7
../Catagorized_Images_April_9/TrainingImages/M12/BioID_0639.pgm;7
../Catagorized_Images_April_9/TrainingImages/M12/BioID_1305.pgm;7
../Catagorized_Images_April_9/TrainingImages/M12/BioID_1297.pgm;7
../Catagorized_Images_April_9/TrainingImages/M12/BioID_1318.pgm;7
../Catagorized_Images_April_9/TrainingImages/M12/BioID_1307.pgm;7
../Catagorized_Images_April_9/TrainingImages/M12/BioID_0636.pgm;7
../Catagorized_Images_April_9/TrainingImages/M12/BioID_0641.pgm;7
../Catagorized_Images_April_9/TrainingImages/M12/BioID_1298.pgm;7
../Catagorized_Images_April_9/TrainingImages/M12/BioID_0637.pgm;7
../Catagorized_Images_April_9/TrainingImages/M12/BioID_1310.pgm;7
../Catagorized_Images_April_9/TrainingImages/M12/BioID_1300.pgm;7
../Catagorized_Images_April_9/TrainingImages/M12/BioID_1306.pgm;7
../Catagorized_Images_April_9/TrainingImages/M12/BioID_1301.pgm;7
../Catagorized_Images_April_9/TrainingImages/M12/BioID_1313.pgm;7
../Catagorized_Images_April_9/TrainingImages/M12/BioID_1293.pgm;7
../Catagorized_Images_April_9/TrainingImages/M12/BioID_1309.pgm;7
../Catagorized_Images_April_9/TrainingImages/M12/BioID_1311.pgm;7
../Catagorized_Images_April_9/TrainingImages/M12/BioID_1314.pgm;7
../Catagorized_Images_April_9/TrainingImages/M12/BioID_1308.pgm;7
../Catagorized_Images_April_9/TrainingImages/M12/BioID_0640.pgm;7
../Catagorized_Images_April_9/TrainingImages/M10/BioID_1462.pgm;8
../Catagorized_Images_April_9/TrainingImages/M10/BioID_0530.pgm;8
../Catagorized_Images_April_9/TrainingImages/M10/BioID_0536.pgm;8
../Catagorized_Images_April_9/TrainingImages/M10/BioID_0141.pgm;8
../Catagorized_Images_April_9/TrainingImages/M10/BioID_0143.pgm;8
../Catagorized_Images_April_9/TrainingImages/M10/BioID_0538.pgm;8
../Catagorized_Images_April_9/TrainingImages/M10/BioID_0119.pgm;8
../Catagorized_Images_April_9/TrainingImages/M10/BioID_1472.pgm;8
../Catagorized_Images_April_9/TrainingImages/M10/BioID_0145.pgm;8
../Catagorized_Images_April_9/TrainingImages/M10/BioID_0120.pgm;8
../Catagorized_Images_April_9/TrainingImages/M10/BioID_0526.pgm;8
../Catagorized_Images_April_9/TrainingImages/M10/BioID_1452.pgm;8
../Catagorized_Images_April_9/TrainingImages/M10/BioID_0521.pgm;8
../Catagorized_Images_April_9/TrainingImages/M10/BioID_0527.pgm;8
../Catagorized_Images_April_9/TrainingImages/M10/BioID_0519.pgm;8
../Catagorized_Images_April_9/TrainingImages/M10/BioID_0525.pgm;8
../Catagorized_Images_April_9/TrainingImages/M10/BioID_0137.pgm;8
../Catagorized_Images_April_9/TrainingImages/M10/BioID_1469.pgm;8
../Catagorized_Images_April_9/TrainingImages/M10/BioID_0539.pgm;8
../Catagorized_Images_April_9/TrainingImages/M10/BioID_0529.pgm;8
../Catagorized_Images_April_9/TrainingImages/M10/BioID_0545.pgm;8
../Catagorized_Images_April_9/TrainingImages/M10/BioID_0541.pgm;8
../Catagorized_Images_April_9/TrainingImages/M10/BioID_1471.pgm;8
../Catagorized_Images_April_9/TrainingImages/M10/BioID_0124.pgm;8
../Catagorized_Images_April_9/TrainingImages/M10/BioID_1456.pgm;8
../Catagorized_Images_April_9/TrainingImages/M10/BioID_0136.pgm;8
../Catagorized_Images_April_9/TrainingImages/M10/BioID_0534.pgm;8
../Catagorized_Images_April_9/TrainingImages/M10/BioID_0117.pgm;8
../Catagorized_Images_April_9/TrainingImages/M10/BioID_0528.pgm;8
../Catagorized_Images_April_9/TrainingImages/M10/BioID_1457.pgm;8
../Catagorized_Images_April_9/TrainingImages/M10/BioID_0537.pgm;8
../Catagorized_Images_April_9/TrainingImages/M10/BioID_0134.pgm;8
../Catagorized_Images_April_9/TrainingImages/M10/BioID_0140.pgm;8
../Catagorized_Images_April_9/TrainingImages/M10/BioID_0133.pgm;8
../Catagorized_Images_April_9/TrainingImages/M10/BioID_0131.pgm;8
../Catagorized_Images_April_9/TrainingImages/M10/BioID_0531.pgm;8
../Catagorized_Images_April_9/TrainingImages/M10/BioID_1453.pgm;8
../Catagorized_Images_April_9/TrainingImages/M10/BioID_1455.pgm;8
../Catagorized_Images_April_9/TrainingImages/M10/BioID_1464.pgm;8
../Catagorized_Images_April_9/TrainingImages/M10/BioID_0550.pgm;8
../Catagorized_Images_April_9/TrainingImages/M10/BioID_0540.pgm;8
../Catagorized_Images_April_9/TrainingImages/M10/BioID_1459.pgm;8
../Catagorized_Images_April_9/TrainingImages/M10/BioID_0520.pgm;8
../Catagorized_Images_April_9/TrainingImages/M10/BioID_0116.pgm;8
../Catagorized_Images_April_9/TrainingImages/M10/BioID_1451.pgm;8
../Catagorized_Images_April_9/TrainingImages/M10/BioID_0123.pgm;8
../Catagorized_Images_April_9/TrainingImages/M10/BioID_0549.pgm;8
../Catagorized_Images_April_9/TrainingImages/M10/BioID_1467.pgm;8
../Catagorized_Images_April_9/TrainingImages/M10/BioID_0555.pgm;8
../Catagorized_Images_April_9/TrainingImages/M10/BioID_1468.pgm;8
../Catagorized_Images_April_9/TrainingImages/M10/BioID_0144.pgm;8
../Catagorized_Images_April_9/TrainingImages/M10/BioID_0542.pgm;8
../Catagorized_Images_April_9/TrainingImages/M10/BioID_0125.pgm;8
../Catagorized_Images_April_9/TrainingImages/M10/BioID_0553.pgm;8
../Catagorized_Images_April_9/TrainingImages/M10/BioID_0142.pgm;8
../Catagorized_Images_April_9/TrainingImages/M10/BioID_1461.pgm;8
../Catagorized_Images_April_9/TrainingImages/M10/BioID_1463.pgm;8
../Catagorized_Images_April_9/TrainingImages/M10/BioID_0552.pgm;8
../Catagorized_Images_April_9/TrainingImages/M10/BioID_0535.pgm;8
../Catagorized_Images_April_9/TrainingImages/M10/BioID_0127.pgm;8
../Catagorized_Images_April_9/TrainingImages/M10/BioID_0533.pgm;8
../Catagorized_Images_April_9/TrainingImages/M10/BioID_0551.pgm;8
../Catagorized_Images_April_9/TrainingImages/M10/BioID_1460.pgm;8
../Catagorized_Images_April_9/TrainingImages/M10/BioID_0524.pgm;8
../Catagorized_Images_April_9/TrainingImages/M10/BioID_1465.pgm;8
../Catagorized_Images_April_9/TrainingImages/M10/BioID_0115.pgm;8
../Catagorized_Images_April_9/TrainingImages/M10/BioID_0523.pgm;8
../Catagorized_Images_April_9/TrainingImages/M10/BioID_0135.pgm;8
../Catagorized_Images_April_9/TrainingImages/M10/BioID_1466.pgm;8
../Catagorized_Images_April_9/TrainingImages/M10/BioID_0547.pgm;8
../Catagorized_Images_April_9/TrainingImages/M10/BioID_0128.pgm;8
../Catagorized_Images_April_9/TrainingImages/M10/BioID_0546.pgm;8
../Catagorized_Images_April_9/TrainingImages/M10/BioID_0118.pgm;8
../Catagorized_Images_April_9/TrainingImages/M10/BioID_0122.pgm;8
../Catagorized_Images_April_9/TrainingImages/M10/BioID_0543.pgm;8
../Catagorized_Images_April_9/TrainingImages/M10/BioID_0548.pgm;8
../Catagorized_Images_April_9/TrainingImages/M10/BioID_0554.pgm;8
../Catagorized_Images_April_9/TrainingImages/M10/BioID_0126.pgm;8
../Catagorized_Images_April_9/TrainingImages/M10/BioID_0129.pgm;8
../Catagorized_Images_April_9/TrainingImages/M10/BioID_0132.pgm;8
../Catagorized_Images_April_9/TrainingImages/M10/BioID_1458.pgm;8
../Catagorized_Images_April_9/TrainingImages/M10/BioID_0139.pgm;8
../Catagorized_Images_April_9/TrainingImages/M10/BioID_0544.pgm;8
../Catagorized_Images_April_9/TrainingImages/M10/BioID_0522.pgm;8
../Catagorized_Images_April_9/TrainingImages/M14/BioID_0048.pgm;9
../Catagorized_Images_April_9/TrainingImages/M14/BioID_1088.pgm;9
../Catagorized_Images_April_9/TrainingImages/M14/BioID_0174.pgm;9
../Catagorized_Images_April_9/TrainingImages/M14/BioID_1482.pgm;9
../Catagorized_Images_April_9/TrainingImages/M14/BioID_0012.pgm;9
../Catagorized_Images_April_9/TrainingImages/M14/BioID_1079.pgm;9
../Catagorized_Images_April_9/TrainingImages/M14/BioID_0178.pgm;9
../Catagorized_Images_April_9/TrainingImages/M14/BioID_1474.pgm;9
../Catagorized_Images_April_9/TrainingImages/M14/BioID_1082.pgm;9
../Catagorized_Images_April_9/TrainingImages/M14/BioID_1488.pgm;9
../Catagorized_Images_April_9/TrainingImages/M14/BioID_0049.pgm;9
../Catagorized_Images_April_9/TrainingImages/M14/BioID_1025.pgm;9
../Catagorized_Images_April_9/TrainingImages/M14/BioID_0179.pgm;9
../Catagorized_Images_April_9/TrainingImages/M14/BioID_0011.pgm;9
../Catagorized_Images_April_9/TrainingImages/M14/BioID_0172.pgm;9
../Catagorized_Images_April_9/TrainingImages/M14/BioID_0004.pgm;9
../Catagorized_Images_April_9/TrainingImages/M14/BioID_1092.pgm;9
../Catagorized_Images_April_9/TrainingImages/M14/BioID_0015.pgm;9
../Catagorized_Images_April_9/TrainingImages/M14/BioID_0046.pgm;9
../Catagorized_Images_April_9/TrainingImages/M14/BioID_1023.pgm;9
../Catagorized_Images_April_9/TrainingImages/M14/BioID_1447.pgm;9
../Catagorized_Images_April_9/TrainingImages/M14/BioID_1449.pgm;9
../Catagorized_Images_April_9/TrainingImages/M14/BioID_1484.pgm;9
../Catagorized_Images_April_9/TrainingImages/M14/BioID_1090.pgm;9
../Catagorized_Images_April_9/TrainingImages/M14/BioID_0003.pgm;9
../Catagorized_Images_April_9/TrainingImages/M14/BioID_0564.pgm;9
../Catagorized_Images_April_9/TrainingImages/M14/BioID_0007.pgm;9
../Catagorized_Images_April_9/TrainingImages/M14/BioID_1448.pgm;9
../Catagorized_Images_April_9/TrainingImages/M14/BioID_0922.pgm;9
../Catagorized_Images_April_9/TrainingImages/M14/BioID_0376.pgm;9
../Catagorized_Images_April_9/TrainingImages/M14/BioID_1022.pgm;9
../Catagorized_Images_April_9/TrainingImages/M14/BioID_0710.pgm;9
../Catagorized_Images_April_9/TrainingImages/M14/BioID_1476.pgm;9
../Catagorized_Images_April_9/TrainingImages/M14/BioID_0006.pgm;9
../Catagorized_Images_April_9/TrainingImages/M14/BioID_1492.pgm;9
../Catagorized_Images_April_9/TrainingImages/M14/BioID_1016.pgm;9
../Catagorized_Images_April_9/TrainingImages/M14/BioID_1441.pgm;9
../Catagorized_Images_April_9/TrainingImages/M14/BioID_1445.pgm;9
../Catagorized_Images_April_9/TrainingImages/M14/BioID_0310.pgm;9
../Catagorized_Images_April_9/TrainingImages/M14/BioID_0316.pgm;9
../Catagorized_Images_April_9/TrainingImages/M14/BioID_1487.pgm;9
../Catagorized_Images_April_9/TrainingImages/M14/BioID_1475.pgm;9
../Catagorized_Images_April_9/TrainingImages/M14/BioID_1483.pgm;9
../Catagorized_Images_April_9/TrainingImages/M14/BioID_1091.pgm;9
../Catagorized_Images_April_9/TrainingImages/M14/BioID_0565.pgm;9
../Catagorized_Images_April_9/TrainingImages/M14/BioID_1080.pgm;9
../Catagorized_Images_April_9/TrainingImages/M14/BioID_1473.pgm;9
../Catagorized_Images_April_9/TrainingImages/M14/BioID_0314.pgm;9
../Catagorized_Images_April_9/TrainingImages/M14/BioID_0375.pgm;9
../Catagorized_Images_April_9/TrainingImages/M14/BioID_1494.pgm;9
../Catagorized_Images_April_9/TrainingImages/M14/BioID_1477.pgm;9
../Catagorized_Images_April_9/TrainingImages/M14/BioID_1086.pgm;9
../Catagorized_Images_April_9/TrainingImages/M14/BioID_0013.pgm;9
../Catagorized_Images_April_9/TrainingImages/M14/BioID_0009.pgm;9
../Catagorized_Images_April_9/TrainingImages/M14/BioID_1446.pgm;9
../Catagorized_Images_April_9/TrainingImages/M14/BioID_0177.pgm;9
../Catagorized_Images_April_9/TrainingImages/M14/BioID_1485.pgm;9
../Catagorized_Images_April_9/TrainingImages/M14/BioID_1094.pgm;9
../Catagorized_Images_April_9/TrainingImages/M14/BioID_0709.pgm;9
../Catagorized_Images_April_9/TrainingImages/M14/BioID_1021.pgm;9
../Catagorized_Images_April_9/TrainingImages/M14/BioID_1493.pgm;9
../Catagorized_Images_April_9/TrainingImages/M14/BioID_1491.pgm;9
../Catagorized_Images_April_9/TrainingImages/M14/BioID_1015.pgm;9
../Catagorized_Images_April_9/TrainingImages/M14/BioID_0170.pgm;9
../Catagorized_Images_April_9/TrainingImages/M14/BioID_1442.pgm;9
../Catagorized_Images_April_9/TrainingImages/M14/BioID_1478.pgm;9
../Catagorized_Images_April_9/TrainingImages/M14/BioID_1093.pgm;9
../Catagorized_Images_April_9/TrainingImages/M14/BioID_1085.pgm;9
../Catagorized_Images_April_9/TrainingImages/M14/BioID_1486.pgm;9
../Catagorized_Images_April_9/TrainingImages/M14/BioID_0176.pgm;9
../Catagorized_Images_April_9/TrainingImages/M14/BioID_1490.pgm;9
../Catagorized_Images_April_9/TrainingImages/M14/BioID_0008.pgm;9
../Catagorized_Images_April_9/TrainingImages/M14/BioID_1479.pgm;9
../Catagorized_Images_April_9/TrainingImages/M14/BioID_0706.pgm;9
../Catagorized_Images_April_9/TrainingImages/M14/BioID_0920.pgm;9
../Catagorized_Images_April_9/TrainingImages/M14/BioID_0047.pgm;9
../Catagorized_Images_April_9/TrainingImages/M14/BioID_0708.pgm;9
../Catagorized_Images_April_9/TrainingImages/M14/BioID_1018.pgm;9
../Catagorized_Images_April_9/TrainingImages/M14/BioID_1026.pgm;9
../Catagorized_Images_April_9/TrainingImages/M14/BioID_1019.pgm;9
../Catagorized_Images_April_9/TrainingImages/M14/BioID_1024.pgm;9
../Catagorized_Images_April_9/TrainingImages/M14/BioID_0319.pgm;9
../Catagorized_Images_April_9/TrainingImages/M14/BioID_1081.pgm;9
../Catagorized_Images_April_9/TrainingImages/M14/BioID_0918.pgm;9
../Catagorized_Images_April_9/TrainingImages/M14/BioID_0000.pgm;9
../Catagorized_Images_April_9/TrainingImages/M14/BioID_1444.pgm;9
../Catagorized_Images_April_9/TrainingImages/M14/BioID_0002.pgm;9
../Catagorized_Images_April_9/TrainingImages/M14/BioID_1020.pgm;9
../Catagorized_Images_April_9/TrainingImages/M14/BioID_0175.pgm;9
../Catagorized_Images_April_9/TrainingImages/M14/BioID_1084.pgm;9
../Catagorized_Images_April_9/TrainingImages/M14/BioID_0321.pgm;9
../Catagorized_Images_April_9/TrainingImages/M14/BioID_0014.pgm;9
../Catagorized_Images_April_9/TrainingImages/M14/BioID_0919.pgm;9
../Catagorized_Images_April_9/TrainingImages/M14/BioID_0318.pgm;9
../Catagorized_Images_April_9/TrainingImages/M14/BioID_0309.pgm;9
../Catagorized_Images_April_9/TrainingImages/M14/BioID_0317.pgm;9
../Catagorized_Images_April_9/TrainingImages/M14/BioID_0146.pgm;9
../Catagorized_Images_April_9/TrainingImages/M14/BioID_0308.pgm;9
../Catagorized_Images_April_9/TrainingImages/M14/BioID_0320.pgm;9
../Catagorized_Images_April_9/TrainingImages/M14/BioID_0171.pgm;9
../Catagorized_Images_April_9/TrainingImages/M14/BioID_1450.pgm;9
../Catagorized_Images_April_9/TrainingImages/M14/BioID_0313.pgm;9
../Catagorized_Images_April_9/TrainingImages/M14/BioID_1083.pgm;9
../Catagorized_Images_April_9/TrainingImages/M14/BioID_0173.pgm;9
../Catagorized_Images_April_9/TrainingImages/M14/BioID_1087.pgm;9
../Catagorized_Images_April_9/TrainingImages/M14/BioID_0005.pgm;9
../Catagorized_Images_April_9/TrainingImages/M14/BioID_0482.pgm;9
../Catagorized_Images_April_9/TrainingImages/M14/BioID_0311.pgm;9
../Catagorized_Images_April_9/TrainingImages/M14/BioID_1480.pgm;9
../Catagorized_Images_April_9/TrainingImages/M14/BioID_1017.pgm;9
../Catagorized_Images_April_9/TrainingImages/M14/BioID_0566.pgm;9
../Catagorized_Images_April_9/TrainingImages/M14/BioID_0707.pgm;9
../Catagorized_Images_April_9/TrainingImages/M14/BioID_0312.pgm;9
../Catagorized_Images_April_9/TrainingImages/M14/BioID_1443.pgm;9
../Catagorized_Images_April_9/TrainingImages/M09/BioID_0849.pgm;10
../Catagorized_Images_April_9/TrainingImages/M09/BioID_0860.pgm;10
../Catagorized_Images_April_9/TrainingImages/M09/BioID_0850.pgm;10
../Catagorized_Images_April_9/TrainingImages/M09/BioID_0858.pgm;10
../Catagorized_Images_April_9/TrainingImages/M09/BioID_0844.pgm;10
../Catagorized_Images_April_9/TrainingImages/M09/BioID_0828.pgm;10
../Catagorized_Images_April_9/TrainingImages/M09/BioID_0837.pgm;10
../Catagorized_Images_April_9/TrainingImages/M09/BioID_0813.pgm;10
../Catagorized_Images_April_9/TrainingImages/M09/BioID_0817.pgm;10
../Catagorized_Images_April_9/TrainingImages/M09/BioID_0825.pgm;10
../Catagorized_Images_April_9/TrainingImages/M09/BioID_0855.pgm;10
../Catagorized_Images_April_9/TrainingImages/M09/BioID_0836.pgm;10
../Catagorized_Images_April_9/TrainingImages/M09/BioID_0822.pgm;10
../Catagorized_Images_April_9/TrainingImages/M09/BioID_0840.pgm;10
../Catagorized_Images_April_9/TrainingImages/M09/BioID_0814.pgm;10
../Catagorized_Images_April_9/TrainingImages/M09/BioID_0834.pgm;10
../Catagorized_Images_April_9/TrainingImages/M09/BioID_0832.pgm;10
../Catagorized_Images_April_9/TrainingImages/M09/BioID_0820.pgm;10
../Catagorized_Images_April_9/TrainingImages/M09/BioID_0838.pgm;10
../Catagorized_Images_April_9/TrainingImages/M09/BioID_0823.pgm;10
../Catagorized_Images_April_9/TrainingImages/M09/BioID_0816.pgm;10
../Catagorized_Images_April_9/TrainingImages/M09/BioID_0847.pgm;10
../Catagorized_Images_April_9/TrainingImages/M09/BioID_0852.pgm;10
../Catagorized_Images_April_9/TrainingImages/M09/BioID_0812.pgm;10
../Catagorized_Images_April_9/TrainingImages/M09/BioID_0810.pgm;10
../Catagorized_Images_April_9/TrainingImages/M09/BioID_0831.pgm;10
../Catagorized_Images_April_9/TrainingImages/M09/BioID_0811.pgm;10
../Catagorized_Images_April_9/TrainingImages/M09/BioID_0843.pgm;10
../Catagorized_Images_April_9/TrainingImages/M09/BioID_0851.pgm;10
../Catagorized_Images_April_9/TrainingImages/M09/BioID_0830.pgm;10
../Catagorized_Images_April_9/TrainingImages/M09/BioID_0842.pgm;10
../Catagorized_Images_April_9/TrainingImages/M09/BioID_0818.pgm;10
../Catagorized_Images_April_9/TrainingImages/M09/BioID_0827.pgm;10
../Catagorized_Images_April_9/TrainingImages/M09/BioID_0841.pgm;10
../Catagorized_Images_April_9/TrainingImages/M09/BioID_0857.pgm;10
../Catagorized_Images_April_9/TrainingImages/M09/BioID_0829.pgm;10
../Catagorized_Images_April_9/TrainingImages/M09/BioID_0856.pgm;10
../Catagorized_Images_April_9/TrainingImages/M09/BioID_0848.pgm;10
../Catagorized_Images_April_9/TrainingImages/M09/BioID_0845.pgm;10
../Catagorized_Images_April_9/TrainingImages/M09/BioID_0853.pgm;10
../Catagorized_Images_April_9/TrainingImages/M09/BioID_0821.pgm;10
../Catagorized_Images_April_9/TrainingImages/M09/BioID_0835.pgm;10
../Catagorized_Images_April_9/TrainingImages/M09/BioID_0824.pgm;10
../Catagorized_Images_April_9/TrainingImages/M09/BioID_0839.pgm;10
../Catagorized_Images_April_9/TrainingImages/M19/BioID_0676.pgm;11
../Catagorized_Images_April_9/TrainingImages/M19/BioID_0660.pgm;11
../Catagorized_Images_April_9/TrainingImages/M19/BioID_0691.pgm;11
../Catagorized_Images_April_9/TrainingImages/M19/BioID_0674.pgm;11
../Catagorized_Images_April_9/TrainingImages/M19/BioID_0703.pgm;11
../Catagorized_Images_April_9/TrainingImages/M19/BioID_0685.pgm;11
../Catagorized_Images_April_9/TrainingImages/M19/BioID_0699.pgm;11
../Catagorized_Images_April_9/TrainingImages/M19/BioID_0664.pgm;11
../Catagorized_Images_April_9/TrainingImages/M19/BioID_0672.pgm;11
../Catagorized_Images_April_9/TrainingImages/M19/BioID_0683.pgm;11
../Catagorized_Images_April_9/TrainingImages/M19/BioID_0693.pgm;11
../Catagorized_Images_April_9/TrainingImages/M19/BioID_0667.pgm;11
../Catagorized_Images_April_9/TrainingImages/M19/BioID_0677.pgm;11
../Catagorized_Images_April_9/TrainingImages/M19/BioID_0666.pgm;11
../Catagorized_Images_April_9/TrainingImages/M19/BioID_0662.pgm;11
../Catagorized_Images_April_9/TrainingImages/M19/BioID_0701.pgm;11
../Catagorized_Images_April_9/TrainingImages/M19/BioID_0675.pgm;11
../Catagorized_Images_April_9/TrainingImages/M19/BioID_0695.pgm;11
../Catagorized_Images_April_9/TrainingImages/M19/BioID_0669.pgm;11
../Catagorized_Images_April_9/TrainingImages/M19/BioID_0680.pgm;11
../Catagorized_Images_April_9/TrainingImages/M19/BioID_0681.pgm;11
../Catagorized_Images_April_9/TrainingImages/M19/BioID_0702.pgm;11
../Catagorized_Images_April_9/TrainingImages/M19/BioID_0690.pgm;11
../Catagorized_Images_April_9/TrainingImages/M19/BioID_0670.pgm;11
../Catagorized_Images_April_9/TrainingImages/M19/BioID_0694.pgm;11
../Catagorized_Images_April_9/TrainingImages/M19/BioID_0682.pgm;11
../Catagorized_Images_April_9/TrainingImages/M19/BioID_0671.pgm;11
../Catagorized_Images_April_9/TrainingImages/M19/BioID_0689.pgm;11
../Catagorized_Images_April_9/TrainingImages/M19/BioID_0668.pgm;11
../Catagorized_Images_April_9/TrainingImages/M19/BioID_0679.pgm;11
../Catagorized_Images_April_9/TrainingImages/M19/BioID_0705.pgm;11
../Catagorized_Images_April_9/TrainingImages/M19/BioID_0688.pgm;11
../Catagorized_Images_April_9/TrainingImages/M19/BioID_0687.pgm;11
../Catagorized_Images_April_9/TrainingImages/M19/BioID_0700.pgm;11
../Catagorized_Images_April_9/TrainingImages/M19/BioID_0661.pgm;11
../Catagorized_Images_April_9/TrainingImages/M19/BioID_0692.pgm;11
../Catagorized_Images_April_9/TrainingImages/M19/BioID_0663.pgm;11
../Catagorized_Images_April_9/TrainingImages/M19/BioID_0696.pgm;11
../Catagorized_Images_April_9/TrainingImages/M19/BioID_0698.pgm;11
../Catagorized_Images_April_9/TrainingImages/M19/BioID_0673.pgm;11
../Catagorized_Images_April_9/TrainingImages/M19/BioID_0684.pgm;11
../Catagorized_Images_April_9/TrainingImages/M04/BioID_0217.pgm;12
../Catagorized_Images_April_9/TrainingImages/M04/BioID_0220.pgm;12
../Catagorized_Images_April_9/TrainingImages/M04/BioID_0198.pgm;12
../Catagorized_Images_April_9/TrainingImages/M04/BioID_0205.pgm;12
../Catagorized_Images_April_9/TrainingImages/M04/BioID_0180.pgm;12
../Catagorized_Images_April_9/TrainingImages/M04/BioID_0219.pgm;12
../Catagorized_Images_April_9/TrainingImages/M04/BioID_0200.pgm;12
../Catagorized_Images_April_9/TrainingImages/M04/BioID_0193.pgm;12
../Catagorized_Images_April_9/TrainingImages/M04/BioID_0929.pgm;12
../Catagorized_Images_April_9/TrainingImages/M04/BioID_0923.pgm;12
../Catagorized_Images_April_9/TrainingImages/M04/BioID_0218.pgm;12
../Catagorized_Images_April_9/TrainingImages/M04/BioID_0209.pgm;12
../Catagorized_Images_April_9/TrainingImages/M04/BioID_0937.pgm;12
../Catagorized_Images_April_9/TrainingImages/M04/BioID_0194.pgm;12
../Catagorized_Images_April_9/TrainingImages/M04/BioID_0184.pgm;12
../Catagorized_Images_April_9/TrainingImages/M04/BioID_0933.pgm;12
../Catagorized_Images_April_9/TrainingImages/M04/BioID_0196.pgm;12
../Catagorized_Images_April_9/TrainingImages/M04/BioID_0928.pgm;12
../Catagorized_Images_April_9/TrainingImages/M04/BioID_0940.pgm;12
../Catagorized_Images_April_9/TrainingImages/M04/BioID_0188.pgm;12
../Catagorized_Images_April_9/TrainingImages/M04/BioID_0185.pgm;12
../Catagorized_Images_April_9/TrainingImages/M04/BioID_0935.pgm;12
../Catagorized_Images_April_9/TrainingImages/M04/BioID_0206.pgm;12
../Catagorized_Images_April_9/TrainingImages/M04/BioID_0213.pgm;12
../Catagorized_Images_April_9/TrainingImages/M04/BioID_0211.pgm;12
../Catagorized_Images_April_9/TrainingImages/M04/BioID_0190.pgm;12
../Catagorized_Images_April_9/TrainingImages/M04/BioID_0215.pgm;12
../Catagorized_Images_April_9/TrainingImages/M04/BioID_0931.pgm;12
../Catagorized_Images_April_9/TrainingImages/M04/BioID_0210.pgm;12
../Catagorized_Images_April_9/TrainingImages/M04/BioID_0202.pgm;12
../Catagorized_Images_April_9/TrainingImages/M04/BioID_0197.pgm;12
../Catagorized_Images_April_9/TrainingImages/M04/BioID_0932.pgm;12
../Catagorized_Images_April_9/TrainingImages/M04/BioID_0936.pgm;12
../Catagorized_Images_April_9/TrainingImages/M04/BioID_0189.pgm;12
../Catagorized_Images_April_9/TrainingImages/M04/BioID_0941.pgm;12
../Catagorized_Images_April_9/TrainingImages/M04/BioID_0934.pgm;12
../Catagorized_Images_April_9/TrainingImages/M04/BioID_0214.pgm;12
../Catagorized_Images_April_9/TrainingImages/M04/BioID_0191.pgm;12
../Catagorized_Images_April_9/TrainingImages/M04/BioID_0924.pgm;12
../Catagorized_Images_April_9/TrainingImages/M04/BioID_0204.pgm;12
../Catagorized_Images_April_9/TrainingImages/M04/BioID_0201.pgm;12
../Catagorized_Images_April_9/TrainingImages/M04/BioID_0181.pgm;12
../Catagorized_Images_April_9/TrainingImages/M04/BioID_0221.pgm;12
../Catagorized_Images_April_9/TrainingImages/M04/BioID_0212.pgm;12
../Catagorized_Images_April_9/TrainingImages/M04/BioID_0207.pgm;12
../Catagorized_Images_April_9/TrainingImages/M04/BioID_0203.pgm;12
../Catagorized_Images_April_9/TrainingImages/M04/BioID_0930.pgm;12
../Catagorized_Images_April_9/TrainingImages/M04/BioID_0938.pgm;12
../Catagorized_Images_April_9/TrainingImages/M04/BioID_0199.pgm;12
../Catagorized_Images_April_9/TrainingImages/M04/BioID_0195.pgm;12
../Catagorized_Images_April_9/TrainingImages/M04/BioID_0926.pgm;12
../Catagorized_Images_April_9/TrainingImages/M04/BioID_0186.pgm;12
../Catagorized_Images_April_9/TrainingImages/M04/BioID_0187.pgm;12
../Catagorized_Images_April_9/TrainingImages/M04/BioID_0182.pgm;12
../Catagorized_Images_April_9/TrainingImages/M04/BioID_0925.pgm;12
../Catagorized_Images_April_9/TrainingImages/W03/BioID_0500.pgm;13
../Catagorized_Images_April_9/TrainingImages/W03/BioID_0781.pgm;13
../Catagorized_Images_April_9/TrainingImages/W03/BioID_0792.pgm;13
../Catagorized_Images_April_9/TrainingImages/W03/BioID_0780.pgm;13
../Catagorized_Images_April_9/TrainingImages/W03/BioID_0804.pgm;13
../Catagorized_Images_April_9/TrainingImages/W03/BioID_0498.pgm;13
../Catagorized_Images_April_9/TrainingImages/W03/BioID_0514.pgm;13
../Catagorized_Images_April_9/TrainingImages/W03/BioID_1115.pgm;13
../Catagorized_Images_April_9/TrainingImages/W03/BioID_1116.pgm;13
../Catagorized_Images_April_9/TrainingImages/W03/BioID_1117.pgm;13
../Catagorized_Images_April_9/TrainingImages/W03/BioID_0490.pgm;13
../Catagorized_Images_April_9/TrainingImages/W03/BioID_0787.pgm;13
../Catagorized_Images_April_9/TrainingImages/W03/BioID_0807.pgm;13
../Catagorized_Images_April_9/TrainingImages/W03/BioID_0803.pgm;13
../Catagorized_Images_April_9/TrainingImages/W03/BioID_0808.pgm;13
../Catagorized_Images_April_9/TrainingImages/W03/BioID_0491.pgm;13
../Catagorized_Images_April_9/TrainingImages/W03/BioID_0791.pgm;13
../Catagorized_Images_April_9/TrainingImages/W03/BioID_1106.pgm;13
../Catagorized_Images_April_9/TrainingImages/W03/BioID_0501.pgm;13
../Catagorized_Images_April_9/TrainingImages/W03/BioID_1102.pgm;13
../Catagorized_Images_April_9/TrainingImages/W03/BioID_1104.pgm;13
../Catagorized_Images_April_9/TrainingImages/W03/BioID_1120.pgm;13
../Catagorized_Images_April_9/TrainingImages/W03/BioID_0782.pgm;13
../Catagorized_Images_April_9/TrainingImages/W03/BioID_1121.pgm;13
../Catagorized_Images_April_9/TrainingImages/W03/BioID_0793.pgm;13
../Catagorized_Images_April_9/TrainingImages/W03/BioID_0496.pgm;13
../Catagorized_Images_April_9/TrainingImages/W03/BioID_1118.pgm;13
../Catagorized_Images_April_9/TrainingImages/W03/BioID_0485.pgm;13
../Catagorized_Images_April_9/TrainingImages/W03/BioID_0783.pgm;13
../Catagorized_Images_April_9/TrainingImages/W03/BioID_0488.pgm;13
../Catagorized_Images_April_9/TrainingImages/W03/BioID_0505.pgm;13
../Catagorized_Images_April_9/TrainingImages/W03/BioID_0517.pgm;13
../Catagorized_Images_April_9/TrainingImages/W03/BioID_0796.pgm;13
../Catagorized_Images_April_9/TrainingImages/W03/BioID_0499.pgm;13
../Catagorized_Images_April_9/TrainingImages/W03/BioID_0784.pgm;13
../Catagorized_Images_April_9/TrainingImages/W03/BioID_0799.pgm;13
../Catagorized_Images_April_9/TrainingImages/W03/BioID_0508.pgm;13
../Catagorized_Images_April_9/TrainingImages/W03/BioID_0497.pgm;13
../Catagorized_Images_April_9/TrainingImages/W03/BioID_1108.pgm;13
../Catagorized_Images_April_9/TrainingImages/W03/BioID_0800.pgm;13
../Catagorized_Images_April_9/TrainingImages/W03/BioID_0484.pgm;13
../Catagorized_Images_April_9/TrainingImages/W03/BioID_0513.pgm;13
../Catagorized_Images_April_9/TrainingImages/W03/BioID_0493.pgm;13
../Catagorized_Images_April_9/TrainingImages/W03/BioID_0518.pgm;13
../Catagorized_Images_April_9/TrainingImages/W03/BioID_0809.pgm;13
../Catagorized_Images_April_9/TrainingImages/W03/BioID_0779.pgm;13
../Catagorized_Images_April_9/TrainingImages/W03/BioID_0487.pgm;13
../Catagorized_Images_April_9/TrainingImages/W03/BioID_0494.pgm;13
../Catagorized_Images_April_9/TrainingImages/W03/BioID_1113.pgm;13
../Catagorized_Images_April_9/TrainingImages/W03/BioID_0503.pgm;13
../Catagorized_Images_April_9/TrainingImages/W03/BioID_0794.pgm;13
../Catagorized_Images_April_9/TrainingImages/W03/BioID_1101.pgm;13
../Catagorized_Images_April_9/TrainingImages/W03/BioID_0806.pgm;13
../Catagorized_Images_April_9/TrainingImages/W03/BioID_1105.pgm;13
../Catagorized_Images_April_9/TrainingImages/W03/BioID_0502.pgm;13
../Catagorized_Images_April_9/TrainingImages/W03/BioID_1107.pgm;13
../Catagorized_Images_April_9/TrainingImages/W03/BioID_1112.pgm;13
../Catagorized_Images_April_9/TrainingImages/W03/BioID_0802.pgm;13
../Catagorized_Images_April_9/TrainingImages/W03/BioID_0506.pgm;13
../Catagorized_Images_April_9/TrainingImages/W03/BioID_0790.pgm;13
../Catagorized_Images_April_9/TrainingImages/W03/BioID_0785.pgm;13
../Catagorized_Images_April_9/TrainingImages/W03/BioID_0798.pgm;13
../Catagorized_Images_April_9/TrainingImages/W03/BioID_1096.pgm;13
../Catagorized_Images_April_9/TrainingImages/W03/BioID_1100.pgm;13
../Catagorized_Images_April_9/TrainingImages/W03/BioID_0515.pgm;13
../Catagorized_Images_April_9/TrainingImages/W03/BioID_0509.pgm;13
../Catagorized_Images_April_9/TrainingImages/W03/BioID_0507.pgm;13
../Catagorized_Images_April_9/TrainingImages/W03/BioID_0511.pgm;13
../Catagorized_Images_April_9/TrainingImages/W03/BioID_1103.pgm;13
../Catagorized_Images_April_9/TrainingImages/W03/BioID_0797.pgm;13
../Catagorized_Images_April_9/TrainingImages/W03/BioID_0510.pgm;13
../Catagorized_Images_April_9/TrainingImages/W03/BioID_0805.pgm;13
../Catagorized_Images_April_9/TrainingImages/W03/BioID_1095.pgm;13
../Catagorized_Images_April_9/TrainingImages/W03/BioID_1114.pgm;13
../Catagorized_Images_April_9/TrainingImages/W03/BioID_0486.pgm;13
../Catagorized_Images_April_9/TrainingImages/W03/BioID_0786.pgm;13
../Catagorized_Images_April_9/TrainingImages/W03/BioID_1098.pgm;13
../Catagorized_Images_April_9/TrainingImages/W03/BioID_0492.pgm;13
../Catagorized_Images_April_9/TrainingImages/W03/BioID_0795.pgm;13
../Catagorized_Images_April_9/TrainingImages/W03/BioID_0495.pgm;13
../Catagorized_Images_April_9/TrainingImages/W03/BioID_0789.pgm;13
../Catagorized_Images_April_9/TrainingImages/W03/BioID_1109.pgm;13
../Catagorized_Images_April_9/TrainingImages/W03/BioID_1099.pgm;13
../Catagorized_Images_April_9/TrainingImages/W03/BioID_1110.pgm;13
../Catagorized_Images_April_9/TrainingImages/W03/BioID_0516.pgm;13
../Catagorized_Images_April_9/TrainingImages/W03/BioID_1111.pgm;13
../Catagorized_Images_April_9/TrainingImages/M11/BioID_0025.pgm;14
../Catagorized_Images_April_9/TrainingImages/M11/BioID_0043.pgm;14
../Catagorized_Images_April_9/TrainingImages/M11/BioID_0033.pgm;14
../Catagorized_Images_April_9/TrainingImages/M11/BioID_0026.pgm;14
../Catagorized_Images_April_9/TrainingImages/M11/BioID_0943.pgm;14
../Catagorized_Images_April_9/TrainingImages/M11/BioID_0959.pgm;14
../Catagorized_Images_April_9/TrainingImages/M11/BioID_0031.pgm;14
../Catagorized_Images_April_9/TrainingImages/M11/BioID_0967.pgm;14
../Catagorized_Images_April_9/TrainingImages/M11/BioID_0970.pgm;14
../Catagorized_Images_April_9/TrainingImages/M11/BioID_0951.pgm;14
../Catagorized_Images_April_9/TrainingImages/M11/BioID_0961.pgm;14
../Catagorized_Images_April_9/TrainingImages/M11/BioID_0042.pgm;14
../Catagorized_Images_April_9/TrainingImages/M11/BioID_0963.pgm;14
../Catagorized_Images_April_9/TrainingImages/M11/BioID_0949.pgm;14
../Catagorized_Images_April_9/TrainingImages/M11/BioID_0955.pgm;14
../Catagorized_Images_April_9/TrainingImages/M11/BioID_0034.pgm;14
../Catagorized_Images_April_9/TrainingImages/M11/BioID_0956.pgm;14
../Catagorized_Images_April_9/TrainingImages/M11/BioID_0039.pgm;14
../Catagorized_Images_April_9/TrainingImages/M11/BioID_0040.pgm;14
../Catagorized_Images_April_9/TrainingImages/M11/BioID_0948.pgm;14
../Catagorized_Images_April_9/TrainingImages/M11/BioID_0035.pgm;14
../Catagorized_Images_April_9/TrainingImages/M11/BioID_0029.pgm;14
../Catagorized_Images_April_9/TrainingImages/M11/BioID_0953.pgm;14
../Catagorized_Images_April_9/TrainingImages/M11/BioID_0965.pgm;14
../Catagorized_Images_April_9/TrainingImages/M11/BioID_0041.pgm;14
../Catagorized_Images_April_9/TrainingImages/M11/BioID_0024.pgm;14
../Catagorized_Images_April_9/TrainingImages/M11/BioID_0030.pgm;14
../Catagorized_Images_April_9/TrainingImages/M11/BioID_0036.pgm;14
../Catagorized_Images_April_9/TrainingImages/M11/BioID_0969.pgm;14
../Catagorized_Images_April_9/TrainingImages/M11/BioID_0944.pgm;14
../Catagorized_Images_April_9/TrainingImages/M11/BioID_0950.pgm;14
../Catagorized_Images_April_9/TrainingImages/M11/BioID_0028.pgm;14
../Catagorized_Images_April_9/TrainingImages/M11/BioID_0020.pgm;14
../Catagorized_Images_April_9/TrainingImages/M11/BioID_0044.pgm;14
../Catagorized_Images_April_9/TrainingImages/M11/BioID_0022.pgm;14
../Catagorized_Images_April_9/TrainingImages/M11/BioID_0021.pgm;14
../Catagorized_Images_April_9/TrainingImages/M11/BioID_0945.pgm;14
../Catagorized_Images_April_9/TrainingImages/M11/BioID_0027.pgm;14
../Catagorized_Images_April_9/TrainingImages/M11/BioID_0045.pgm;14
../Catagorized_Images_April_9/TrainingImages/M11/BioID_0958.pgm;14
../Catagorized_Images_April_9/TrainingImages/M11/BioID_0032.pgm;14
../Catagorized_Images_April_9/TrainingImages/M11/BioID_0960.pgm;14
../Catagorized_Images_April_9/TrainingImages/M11/BioID_0038.pgm;14
../Catagorized_Images_April_9/TrainingImages/M11/BioID_0957.pgm;14
../Catagorized_Images_April_9/TrainingImages/M11/BioID_0023.pgm;14
../Catagorized_Images_April_9/TrainingImages/M11/BioID_0966.pgm;14
../Catagorized_Images_April_9/TrainingImages/M11/BioID_0962.pgm;14
../Catagorized_Images_April_9/TrainingImages/M11/BioID_0971.pgm;14
../Catagorized_Images_April_9/TrainingImages/M11/BioID_0952.pgm;14
../Catagorized_Images_April_9/TrainingImages/M11/BioID_0942.pgm;14
../Catagorized_Images_April_9/TrainingImages/M11/BioID_0946.pgm;14
../Catagorized_Images_April_9/TrainingImages/W06/BioID_1141.pgm;15
../Catagorized_Images_April_9/TrainingImages/W06/BioID_0079.pgm;15
../Catagorized_Images_April_9/TrainingImages/W06/BioID_0076.pgm;15
../Catagorized_Images_April_9/TrainingImages/W06/BioID_0721.pgm;15
../Catagorized_Images_April_9/TrainingImages/W06/BioID_1144.pgm;15
../Catagorized_Images_April_9/TrainingImages/W06/BioID_0084.pgm;15
../Catagorized_Images_April_9/TrainingImages/W06/BioID_0086.pgm;15
../Catagorized_Images_April_9/TrainingImages/W06/BioID_0868.pgm;15
../Catagorized_Images_April_9/TrainingImages/W06/BioID_0713.pgm;15
../Catagorized_Images_April_9/TrainingImages/W06/BioID_0866.pgm;15
../Catagorized_Images_April_9/TrainingImages/W06/BioID_0871.pgm;15
../Catagorized_Images_April_9/TrainingImages/W06/BioID_0736.pgm;15
../Catagorized_Images_April_9/TrainingImages/W06/BioID_0728.pgm;15
../Catagorized_Images_April_9/TrainingImages/W06/BioID_0720.pgm;15
../Catagorized_Images_April_9/TrainingImages/W06/BioID_1149.pgm;15
../Catagorized_Images_April_9/TrainingImages/W06/BioID_0082.pgm;15
../Catagorized_Images_April_9/TrainingImages/W06/BioID_0080.pgm;15
../Catagorized_Images_April_9/TrainingImages/W06/BioID_1136.pgm;15
../Catagorized_Images_April_9/TrainingImages/W06/BioID_0722.pgm;15
../Catagorized_Images_April_9/TrainingImages/W06/BioID_1142.pgm;15
../Catagorized_Images_April_9/TrainingImages/W06/BioID_1138.pgm;15
../Catagorized_Images_April_9/TrainingImages/W06/BioID_1133.pgm;15
../Catagorized_Images_April_9/TrainingImages/W06/BioID_1131.pgm;15
../Catagorized_Images_April_9/TrainingImages/W06/BioID_1130.pgm;15
../Catagorized_Images_April_9/TrainingImages/W06/BioID_1129.pgm;15
../Catagorized_Images_April_9/TrainingImages/W06/BioID_1151.pgm;15
../Catagorized_Images_April_9/TrainingImages/W06/BioID_0873.pgm;15
../Catagorized_Images_April_9/TrainingImages/W06/BioID_1122.pgm;15
../Catagorized_Images_April_9/TrainingImages/W06/BioID_0740.pgm;15
../Catagorized_Images_April_9/TrainingImages/W06/BioID_1152.pgm;15
../Catagorized_Images_April_9/TrainingImages/W06/BioID_0863.pgm;15
../Catagorized_Images_April_9/TrainingImages/W06/BioID_0869.pgm;15
../Catagorized_Images_April_9/TrainingImages/W06/BioID_0087.pgm;15
../Catagorized_Images_April_9/TrainingImages/W06/BioID_0733.pgm;15
../Catagorized_Images_April_9/TrainingImages/W06/BioID_0725.pgm;15
../Catagorized_Images_April_9/TrainingImages/W06/BioID_1140.pgm;15
../Catagorized_Images_April_9/TrainingImages/W06/BioID_0723.pgm;15
../Catagorized_Images_April_9/TrainingImages/W06/BioID_0717.pgm;15
../Catagorized_Images_April_9/TrainingImages/W06/BioID_1145.pgm;15
../Catagorized_Images_April_9/TrainingImages/W06/BioID_0865.pgm;15
../Catagorized_Images_April_9/TrainingImages/W06/BioID_0731.pgm;15
../Catagorized_Images_April_9/TrainingImages/W06/BioID_0089.pgm;15
../Catagorized_Images_April_9/TrainingImages/W06/BioID_0718.pgm;15
../Catagorized_Images_April_9/TrainingImages/W06/BioID_1143.pgm;15
../Catagorized_Images_April_9/TrainingImages/W06/BioID_1137.pgm;15
../Catagorized_Images_April_9/TrainingImages/W06/BioID_0870.pgm;15
../Catagorized_Images_April_9/TrainingImages/W06/BioID_1127.pgm;15
../Catagorized_Images_April_9/TrainingImages/W06/BioID_0719.pgm;15
../Catagorized_Images_April_9/TrainingImages/W06/BioID_1150.pgm;15
../Catagorized_Images_April_9/TrainingImages/W06/BioID_1125.pgm;15
../Catagorized_Images_April_9/TrainingImages/W06/BioID_1123.pgm;15
../Catagorized_Images_April_9/TrainingImages/W06/BioID_0077.pgm;15
../Catagorized_Images_April_9/TrainingImages/W06/BioID_0711.pgm;15
../Catagorized_Images_April_9/TrainingImages/W06/BioID_0081.pgm;15
../Catagorized_Images_April_9/TrainingImages/W06/BioID_1124.pgm;15
../Catagorized_Images_April_9/TrainingImages/W06/BioID_1147.pgm;15
../Catagorized_Images_April_9/TrainingImages/W06/BioID_1134.pgm;15
../Catagorized_Images_April_9/TrainingImages/W06/BioID_0715.pgm;15
../Catagorized_Images_April_9/TrainingImages/W06/BioID_1128.pgm;15
../Catagorized_Images_April_9/TrainingImages/W06/BioID_0732.pgm;15
../Catagorized_Images_April_9/TrainingImages/W06/BioID_1148.pgm;15
../Catagorized_Images_April_9/TrainingImages/W06/BioID_1146.pgm;15
../Catagorized_Images_April_9/TrainingImages/W06/BioID_0861.pgm;15
../Catagorized_Images_April_9/TrainingImages/W06/BioID_0085.pgm;15
../Catagorized_Images_April_9/TrainingImages/W06/BioID_0712.pgm;15
../Catagorized_Images_April_9/TrainingImages/W06/BioID_0872.pgm;15
../Catagorized_Images_April_9/TrainingImages/W06/BioID_0729.pgm;15
../Catagorized_Images_April_9/TrainingImages/W06/BioID_0738.pgm;15
../Catagorized_Images_April_9/TrainingImages/W06/BioID_0083.pgm;15
../Catagorized_Images_April_9/TrainingImages/W06/BioID_0734.pgm;15
../Catagorized_Images_April_9/TrainingImages/W06/BioID_0730.pgm;15
../Catagorized_Images_April_9/TrainingImages/W06/BioID_0864.pgm;15
../Catagorized_Images_April_9/TrainingImages/W06/BioID_0867.pgm;15
../Catagorized_Images_April_9/TrainingImages/W06/BioID_0724.pgm;15
../Catagorized_Images_April_9/TrainingImages/W06/BioID_1132.pgm;15
../Catagorized_Images_April_9/TrainingImages/W06/BioID_1126.pgm;15
../Catagorized_Images_April_9/TrainingImages/W06/BioID_1135.pgm;15
../Catagorized_Images_April_9/TrainingImages/W06/BioID_0862.pgm;15
../Catagorized_Images_April_9/TrainingImages/W06/BioID_1139.pgm;15
../Catagorized_Images_April_9/TrainingImages/W06/BioID_0737.pgm;15
../Catagorized_Images_April_9/TrainingImages/W07/BioID_0769.pgm;16
../Catagorized_Images_April_9/TrainingImages/W07/BioID_0777.pgm;16
../Catagorized_Images_April_9/TrainingImages/W07/BioID_0775.pgm;16
../Catagorized_Images_April_9/TrainingImages/W07/BioID_0745.pgm;16
../Catagorized_Images_April_9/TrainingImages/W07/BioID_0772.pgm;16
../Catagorized_Images_April_9/TrainingImages/W07/BioID_0774.pgm;16
../Catagorized_Images_April_9/TrainingImages/W07/BioID_0768.pgm;16
../Catagorized_Images_April_9/TrainingImages/W07/BioID_0653.pgm;16
../Catagorized_Images_April_9/TrainingImages/W07/BioID_0741.pgm;16
../Catagorized_Images_April_9/TrainingImages/W07/BioID_0760.pgm;16
../Catagorized_Images_April_9/TrainingImages/W07/BioID_0750.pgm;16
../Catagorized_Images_April_9/TrainingImages/W07/BioID_0754.pgm;16
../Catagorized_Images_April_9/TrainingImages/W07/BioID_0758.pgm;16
../Catagorized_Images_April_9/TrainingImages/W07/BioID_0767.pgm;16
../Catagorized_Images_April_9/TrainingImages/W07/BioID_0747.pgm;16
../Catagorized_Images_April_9/TrainingImages/W07/BioID_0742.pgm;16
../Catagorized_Images_April_9/TrainingImages/W07/BioID_0746.pgm;16
../Catagorized_Images_April_9/TrainingImages/W07/BioID_0761.pgm;16
../Catagorized_Images_April_9/TrainingImages/W07/BioID_0776.pgm;16
../Catagorized_Images_April_9/TrainingImages/W07/BioID_0778.pgm;16
../Catagorized_Images_April_9/TrainingImages/W07/BioID_0763.pgm;16
../Catagorized_Images_April_9/TrainingImages/W07/BioID_0753.pgm;16
../Catagorized_Images_April_9/TrainingImages/W07/BioID_0749.pgm;16
../Catagorized_Images_April_9/TrainingImages/W07/BioID_0762.pgm;16
../Catagorized_Images_April_9/TrainingImages/W07/BioID_0757.pgm;16
../Catagorized_Images_April_9/TrainingImages/W07/BioID_0765.pgm;16
../Catagorized_Images_April_9/TrainingImages/W07/BioID_0770.pgm;16
../Catagorized_Images_April_9/TrainingImages/W07/BioID_0764.pgm;16
../Catagorized_Images_April_9/TrainingImages/W07/BioID_0752.pgm;16
../Catagorized_Images_April_9/TrainingImages/W07/BioID_0759.pgm;16
../Catagorized_Images_April_9/TrainingImages/W07/BioID_0652.pgm;16
../Catagorized_Images_April_9/TrainingImages/W07/BioID_0771.pgm;16
../Catagorized_Images_April_9/TrainingImages/W07/BioID_0744.pgm;16
../Catagorized_Images_April_9/TrainingImages/W07/BioID_0748.pgm;16
../Catagorized_Images_April_9/TrainingImages/W07/BioID_0756.pgm;16
../Catagorized_Images_April_9/TrainingImages/M06/BioID_1211.pgm;17
../Catagorized_Images_April_9/TrainingImages/M06/BioID_0362.pgm;17
../Catagorized_Images_April_9/TrainingImages/M06/BioID_0347.pgm;17
../Catagorized_Images_April_9/TrainingImages/M06/BioID_0601.pgm;17
../Catagorized_Images_April_9/TrainingImages/M06/BioID_0341.pgm;17
../Catagorized_Images_April_9/TrainingImages/M06/BioID_0340.pgm;17
../Catagorized_Images_April_9/TrainingImages/M06/BioID_0377.pgm;17
../Catagorized_Images_April_9/TrainingImages/M06/BioID_0361.pgm;17
../Catagorized_Images_April_9/TrainingImages/M06/BioID_0365.pgm;17
../Catagorized_Images_April_9/TrainingImages/M06/BioID_0391.pgm;17
../Catagorized_Images_April_9/TrainingImages/M06/BioID_0405.pgm;17
../Catagorized_Images_April_9/TrainingImages/M06/BioID_1197.pgm;17
../Catagorized_Images_April_9/TrainingImages/M06/BioID_0331.pgm;17
../Catagorized_Images_April_9/TrainingImages/M06/BioID_0415.pgm;17
../Catagorized_Images_April_9/TrainingImages/M06/BioID_0587.pgm;17
../Catagorized_Images_April_9/TrainingImages/M06/BioID_0599.pgm;17
../Catagorized_Images_April_9/TrainingImages/M06/BioID_1182.pgm;17
../Catagorized_Images_April_9/TrainingImages/M06/BioID_0368.pgm;17
../Catagorized_Images_April_9/TrainingImages/M06/BioID_0414.pgm;17
../Catagorized_Images_April_9/TrainingImages/M06/BioID_0338.pgm;17
../Catagorized_Images_April_9/TrainingImages/M06/BioID_1201.pgm;17
../Catagorized_Images_April_9/TrainingImages/M06/BioID_1179.pgm;17
../Catagorized_Images_April_9/TrainingImages/M06/BioID_0598.pgm;17
../Catagorized_Images_April_9/TrainingImages/M06/BioID_0411.pgm;17
../Catagorized_Images_April_9/TrainingImages/M06/BioID_0371.pgm;17
../Catagorized_Images_April_9/TrainingImages/M06/BioID_0401.pgm;17
../Catagorized_Images_April_9/TrainingImages/M06/BioID_1193.pgm;17
../Catagorized_Images_April_9/TrainingImages/M06/BioID_0323.pgm;17
../Catagorized_Images_April_9/TrainingImages/M06/BioID_1188.pgm;17
../Catagorized_Images_April_9/TrainingImages/M06/BioID_1207.pgm;17
../Catagorized_Images_April_9/TrainingImages/M06/BioID_1200.pgm;17
../Catagorized_Images_April_9/TrainingImages/M06/BioID_1183.pgm;17
../Catagorized_Images_April_9/TrainingImages/M06/BioID_0364.pgm;17
../Catagorized_Images_April_9/TrainingImages/M06/BioID_0417.pgm;17
../Catagorized_Images_April_9/TrainingImages/M06/BioID_0324.pgm;17
../Catagorized_Images_April_9/TrainingImages/M06/BioID_1210.pgm;17
../Catagorized_Images_April_9/TrainingImages/M06/BioID_1206.pgm;17
../Catagorized_Images_April_9/TrainingImages/M06/BioID_0410.pgm;17
../Catagorized_Images_April_9/TrainingImages/M06/BioID_0384.pgm;17
../Catagorized_Images_April_9/TrainingImages/M06/BioID_1187.pgm;17
../Catagorized_Images_April_9/TrainingImages/M06/BioID_0322.pgm;17
../Catagorized_Images_April_9/TrainingImages/M06/BioID_0393.pgm;17
../Catagorized_Images_April_9/TrainingImages/M06/BioID_0356.pgm;17
../Catagorized_Images_April_9/TrainingImages/M06/BioID_0349.pgm;17
../Catagorized_Images_April_9/TrainingImages/M06/BioID_0366.pgm;17
../Catagorized_Images_April_9/TrainingImages/M06/BioID_0407.pgm;17
../Catagorized_Images_April_9/TrainingImages/M06/BioID_0395.pgm;17
../Catagorized_Images_April_9/TrainingImages/M06/BioID_0593.pgm;17
../Catagorized_Images_April_9/TrainingImages/M06/BioID_0586.pgm;17
../Catagorized_Images_April_9/TrainingImages/M06/BioID_0595.pgm;17
../Catagorized_Images_April_9/TrainingImages/M06/BioID_1203.pgm;17
../Catagorized_Images_April_9/TrainingImages/M06/BioID_0402.pgm;17
../Catagorized_Images_April_9/TrainingImages/M06/BioID_0589.pgm;17
../Catagorized_Images_April_9/TrainingImages/M06/BioID_1181.pgm;17
../Catagorized_Images_April_9/TrainingImages/M06/BioID_0413.pgm;17
../Catagorized_Images_April_9/TrainingImages/M06/BioID_1185.pgm;17
../Catagorized_Images_April_9/TrainingImages/M06/BioID_0352.pgm;17
../Catagorized_Images_April_9/TrainingImages/M06/BioID_1213.pgm;17
../Catagorized_Images_April_9/TrainingImages/M06/BioID_1174.pgm;17
../Catagorized_Images_April_9/TrainingImages/M06/BioID_0390.pgm;17
../Catagorized_Images_April_9/TrainingImages/M06/BioID_0369.pgm;17
../Catagorized_Images_April_9/TrainingImages/M06/BioID_0597.pgm;17
../Catagorized_Images_April_9/TrainingImages/M06/BioID_0328.pgm;17
../Catagorized_Images_April_9/TrainingImages/M06/BioID_0594.pgm;17
../Catagorized_Images_April_9/TrainingImages/M06/BioID_0602.pgm;17
../Catagorized_Images_April_9/TrainingImages/M06/BioID_1199.pgm;17
../Catagorized_Images_April_9/TrainingImages/M06/BioID_0367.pgm;17
../Catagorized_Images_April_9/TrainingImages/M06/BioID_0357.pgm;17
../Catagorized_Images_April_9/TrainingImages/M06/BioID_0378.pgm;17
../Catagorized_Images_April_9/TrainingImages/M06/BioID_1202.pgm;17
../Catagorized_Images_April_9/TrainingImages/M06/BioID_0359.pgm;17
../Catagorized_Images_April_9/TrainingImages/M06/BioID_0383.pgm;17
../Catagorized_Images_April_9/TrainingImages/M06/BioID_0381.pgm;17
../Catagorized_Images_April_9/TrainingImages/M06/BioID_0403.pgm;17
../Catagorized_Images_April_9/TrainingImages/M06/BioID_1178.pgm;17
../Catagorized_Images_April_9/TrainingImages/M06/BioID_0355.pgm;17
../Catagorized_Images_April_9/TrainingImages/M06/BioID_0332.pgm;17
../Catagorized_Images_April_9/TrainingImages/M06/BioID_1180.pgm;17
../Catagorized_Images_April_9/TrainingImages/M06/BioID_0335.pgm;17
../Catagorized_Images_April_9/TrainingImages/M06/BioID_0345.pgm;17
../Catagorized_Images_April_9/TrainingImages/M06/BioID_0406.pgm;17
../Catagorized_Images_April_9/TrainingImages/M06/BioID_1194.pgm;17
../Catagorized_Images_April_9/TrainingImages/M06/BioID_0416.pgm;17
../Catagorized_Images_April_9/TrainingImages/M06/BioID_0382.pgm;17
../Catagorized_Images_April_9/TrainingImages/M06/BioID_0386.pgm;17
../Catagorized_Images_April_9/TrainingImages/M06/BioID_0590.pgm;17
../Catagorized_Images_April_9/TrainingImages/M06/BioID_0354.pgm;17
../Catagorized_Images_April_9/TrainingImages/M06/BioID_0392.pgm;17
../Catagorized_Images_April_9/TrainingImages/M06/BioID_1184.pgm;17
../Catagorized_Images_April_9/TrainingImages/M06/BioID_0344.pgm;17
../Catagorized_Images_April_9/TrainingImages/M06/BioID_0339.pgm;17
../Catagorized_Images_April_9/TrainingImages/M06/BioID_0363.pgm;17
../Catagorized_Images_April_9/TrainingImages/M06/BioID_0400.pgm;17
../Catagorized_Images_April_9/TrainingImages/M06/BioID_0592.pgm;17
../Catagorized_Images_April_9/TrainingImages/M06/BioID_0397.pgm;17
../Catagorized_Images_April_9/TrainingImages/M06/BioID_0374.pgm;17
../Catagorized_Images_April_9/TrainingImages/M06/BioID_0370.pgm;17
../Catagorized_Images_April_9/TrainingImages/M06/BioID_0350.pgm;17
../Catagorized_Images_April_9/TrainingImages/M06/BioID_0588.pgm;17
../Catagorized_Images_April_9/TrainingImages/M06/BioID_1176.pgm;17
../Catagorized_Images_April_9/TrainingImages/M06/BioID_0353.pgm;17
../Catagorized_Images_April_9/TrainingImages/M06/BioID_1175.pgm;17
../Catagorized_Images_April_9/TrainingImages/M06/BioID_1212.pgm;17
../Catagorized_Images_April_9/TrainingImages/M06/BioID_0412.pgm;17
../Catagorized_Images_April_9/TrainingImages/M06/BioID_0346.pgm;17
../Catagorized_Images_April_9/TrainingImages/M06/BioID_0379.pgm;17
../Catagorized_Images_April_9/TrainingImages/M06/BioID_0394.pgm;17
../Catagorized_Images_April_9/TrainingImages/M06/BioID_1191.pgm;17
../Catagorized_Images_April_9/TrainingImages/M06/BioID_0358.pgm;17
../Catagorized_Images_April_9/TrainingImages/M06/BioID_1205.pgm;17
../Catagorized_Images_April_9/TrainingImages/M06/BioID_1190.pgm;17
../Catagorized_Images_April_9/TrainingImages/M06/BioID_0380.pgm;17
../Catagorized_Images_April_9/TrainingImages/M06/BioID_0389.pgm;17
../Catagorized_Images_April_9/TrainingImages/M06/BioID_0396.pgm;17
../Catagorized_Images_April_9/TrainingImages/M06/BioID_0343.pgm;17
../Catagorized_Images_April_9/TrainingImages/M06/BioID_0398.pgm;17
../Catagorized_Images_April_9/TrainingImages/M06/BioID_0337.pgm;17
../Catagorized_Images_April_9/TrainingImages/M06/BioID_0333.pgm;17
../Catagorized_Images_April_9/TrainingImages/M06/BioID_0399.pgm;17
../Catagorized_Images_April_9/TrainingImages/M06/BioID_0334.pgm;17
../Catagorized_Images_April_9/TrainingImages/M06/BioID_1177.pgm;17
../Catagorized_Images_April_9/TrainingImages/M06/BioID_0372.pgm;17
../Catagorized_Images_April_9/TrainingImages/M06/BioID_0591.pgm;17
../Catagorized_Images_April_9/TrainingImages/M06/BioID_0388.pgm;17
../Catagorized_Images_April_9/TrainingImages/M06/BioID_0596.pgm;17
../Catagorized_Images_April_9/TrainingImages/M06/BioID_1198.pgm;17
../Catagorized_Images_April_9/TrainingImages/M06/BioID_1196.pgm;17
../Catagorized_Images_April_9/TrainingImages/M06/BioID_0329.pgm;17
../Catagorized_Images_April_9/TrainingImages/M06/BioID_0351.pgm;17
../Catagorized_Images_April_9/TrainingImages/M06/BioID_1208.pgm;17
../Catagorized_Images_April_9/TrainingImages/M06/BioID_0409.pgm;17
../Catagorized_Images_April_9/TrainingImages/M06/BioID_0342.pgm;17
../Catagorized_Images_April_9/TrainingImages/M06/BioID_1189.pgm;17
../Catagorized_Images_April_9/TrainingImages/M06/BioID_1204.pgm;17
../Catagorized_Images_April_9/TrainingImages/M06/BioID_0385.pgm;17
../Catagorized_Images_April_9/TrainingImages/M06/BioID_0404.pgm;17
../Catagorized_Images_April_9/TrainingImages/M06/BioID_1186.pgm;17
../Catagorized_Images_April_9/TrainingImages/M06/BioID_1195.pgm;17
../Catagorized_Images_April_9/TrainingImages/M13/BioID_0579.pgm;18
../Catagorized_Images_April_9/TrainingImages/M13/BioID_0570.pgm;18
../Catagorized_Images_April_9/TrainingImages/M13/BioID_0585.pgm;18
../Catagorized_Images_April_9/TrainingImages/M13/BioID_0576.pgm;18
../Catagorized_Images_April_9/TrainingImages/M13/BioID_1334.pgm;18
../Catagorized_Images_April_9/TrainingImages/M13/BioID_0580.pgm;18
../Catagorized_Images_April_9/TrainingImages/M13/BioID_1338.pgm;18
../Catagorized_Images_April_9/TrainingImages/M13/BioID_1349.pgm;18
../Catagorized_Images_April_9/TrainingImages/M13/BioID_1332.pgm;18
../Catagorized_Images_April_9/TrainingImages/M13/BioID_0573.pgm;18
../Catagorized_Images_April_9/TrainingImages/M13/BioID_0148.pgm;18
../Catagorized_Images_April_9/TrainingImages/M13/BioID_1347.pgm;18
../Catagorized_Images_April_9/TrainingImages/M13/BioID_1355.pgm;18
../Catagorized_Images_April_9/TrainingImages/M13/BioID_0557.pgm;18
../Catagorized_Images_April_9/TrainingImages/M13/BioID_0092.pgm;18
../Catagorized_Images_April_9/TrainingImages/M13/BioID_0558.pgm;18
../Catagorized_Images_April_9/TrainingImages/M13/BioID_0152.pgm;18
../Catagorized_Images_April_9/TrainingImages/M13/BioID_1335.pgm;18
../Catagorized_Images_April_9/TrainingImages/M13/BioID_0562.pgm;18
../Catagorized_Images_April_9/TrainingImages/M13/BioID_1351.pgm;18
../Catagorized_Images_April_9/TrainingImages/M13/BioID_1356.pgm;18
../Catagorized_Images_April_9/TrainingImages/M13/BioID_1337.pgm;18
../Catagorized_Images_April_9/TrainingImages/M13/BioID_1352.pgm;18
../Catagorized_Images_April_9/TrainingImages/M13/BioID_1322.pgm;18
../Catagorized_Images_April_9/TrainingImages/M13/BioID_0095.pgm;18
../Catagorized_Images_April_9/TrainingImages/M13/BioID_0154.pgm;18
../Catagorized_Images_April_9/TrainingImages/M13/BioID_1353.pgm;18
../Catagorized_Images_April_9/TrainingImages/M13/BioID_1321.pgm;18
../Catagorized_Images_April_9/TrainingImages/M13/BioID_0093.pgm;18
../Catagorized_Images_April_9/TrainingImages/M13/BioID_0168.pgm;18
../Catagorized_Images_April_9/TrainingImages/M13/BioID_1354.pgm;18
../Catagorized_Images_April_9/TrainingImages/M13/BioID_0571.pgm;18
../Catagorized_Images_April_9/TrainingImages/M13/BioID_0149.pgm;18
../Catagorized_Images_April_9/TrainingImages/M13/BioID_1358.pgm;18
../Catagorized_Images_April_9/TrainingImages/M13/BioID_0569.pgm;18
../Catagorized_Images_April_9/TrainingImages/M13/BioID_0094.pgm;18
../Catagorized_Images_April_9/TrainingImages/M13/BioID_1330.pgm;18
../Catagorized_Images_April_9/TrainingImages/M13/BioID_0169.pgm;18
../Catagorized_Images_April_9/TrainingImages/M13/BioID_0572.pgm;18
../Catagorized_Images_April_9/TrainingImages/M13/BioID_0160.pgm;18
../Catagorized_Images_April_9/TrainingImages/M13/BioID_1342.pgm;18
../Catagorized_Images_April_9/TrainingImages/M13/BioID_1346.pgm;18
../Catagorized_Images_April_9/TrainingImages/M13/BioID_0147.pgm;18
../Catagorized_Images_April_9/TrainingImages/M13/BioID_0162.pgm;18
../Catagorized_Images_April_9/TrainingImages/M13/BioID_0581.pgm;18
../Catagorized_Images_April_9/TrainingImages/M13/BioID_1345.pgm;18
../Catagorized_Images_April_9/TrainingImages/M13/BioID_0568.pgm;18
../Catagorized_Images_April_9/TrainingImages/M13/BioID_0163.pgm;18
../Catagorized_Images_April_9/TrainingImages/M13/BioID_1331.pgm;18
../Catagorized_Images_April_9/TrainingImages/M13/BioID_0567.pgm;18
../Catagorized_Images_April_9/TrainingImages/M13/BioID_0091.pgm;18
../Catagorized_Images_April_9/TrainingImages/M13/BioID_1329.pgm;18
../Catagorized_Images_April_9/TrainingImages/M13/BioID_0150.pgm;18
../Catagorized_Images_April_9/TrainingImages/M13/BioID_0156.pgm;18
../Catagorized_Images_April_9/TrainingImages/M13/BioID_0164.pgm;18
../Catagorized_Images_April_9/TrainingImages/M13/BioID_0574.pgm;18
../Catagorized_Images_April_9/TrainingImages/M13/BioID_0165.pgm;18
../Catagorized_Images_April_9/TrainingImages/M13/BioID_1327.pgm;18
../Catagorized_Images_April_9/TrainingImages/M13/BioID_0561.pgm;18
../Catagorized_Images_April_9/TrainingImages/M13/BioID_0157.pgm;18
../Catagorized_Images_April_9/TrainingImages/M13/BioID_1340.pgm;18
../Catagorized_Images_April_9/TrainingImages/M13/BioID_0166.pgm;18
../Catagorized_Images_April_9/TrainingImages/M13/BioID_1343.pgm;18
../Catagorized_Images_April_9/TrainingImages/M13/BioID_0578.pgm;18
../Catagorized_Images_April_9/TrainingImages/M13/BioID_0153.pgm;18
../Catagorized_Images_April_9/TrainingImages/M13/BioID_1326.pgm;18
../Catagorized_Images_April_9/TrainingImages/M13/BioID_1339.pgm;18
../Catagorized_Images_April_9/TrainingImages/M13/BioID_1323.pgm;18
../Catagorized_Images_April_9/TrainingImages/M13/BioID_0560.pgm;18
../Catagorized_Images_April_9/TrainingImages/M13/BioID_1357.pgm;18
../Catagorized_Images_April_9/TrainingImages/M13/BioID_0559.pgm;18
../Catagorized_Images_April_9/TrainingImages/M13/BioID_0575.pgm;18
../Catagorized_Images_April_9/TrainingImages/M13/BioID_1324.pgm;18
../Catagorized_Images_April_9/TrainingImages/M13/BioID_0090.pgm;18
../Catagorized_Images_April_9/TrainingImages/M13/BioID_1333.pgm;18
../Catagorized_Images_April_9/TrainingImages/M13/BioID_0161.pgm;18
../Catagorized_Images_April_9/TrainingImages/M13/BioID_1328.pgm;18
../Catagorized_Images_April_9/TrainingImages/M13/BioID_1336.pgm;18
../Catagorized_Images_April_9/TrainingImages/M13/BioID_0158.pgm;18
../Catagorized_Images_April_9/TrainingImages/M13/BioID_0556.pgm;18
../Catagorized_Images_April_9/TrainingImages/M13/BioID_1350.pgm;18
../Catagorized_Images_April_9/TrainingImages/M13/BioID_1319.pgm;18
../Catagorized_Images_April_9/TrainingImages/M13/BioID_0582.pgm;18
../Catagorized_Images_April_9/TrainingImages/M13/BioID_0167.pgm;18
../Catagorized_Images_April_9/TrainingImages/M13/BioID_0584.pgm;18
../Catagorized_Images_April_9/TrainingImages/M13/BioID_1348.pgm;18
../Catagorized_Images_April_9/TrainingImages/M13/BioID_1344.pgm;18
../Catagorized_Images_April_9/TrainingImages/M13/BioID_0155.pgm;18
../Catagorized_Images_April_9/TrainingImages/M13/BioID_0096.pgm;18
../Catagorized_Images_April_9/TrainingImages/M13/BioID_0583.pgm;18
../Catagorized_Images_April_9/TrainingImages/M13/BioID_1325.pgm;18
../Catagorized_Images_April_9/TrainingImages/W01/BioID_1241.pgm;19
../Catagorized_Images_April_9/TrainingImages/W01/BioID_0304.pgm;19
../Catagorized_Images_April_9/TrainingImages/W01/BioID_1237.pgm;19
../Catagorized_Images_April_9/TrainingImages/W01/BioID_0285.pgm;19
../Catagorized_Images_April_9/TrainingImages/W01/BioID_0877.pgm;19
../Catagorized_Images_April_9/TrainingImages/W01/BioID_0288.pgm;19
../Catagorized_Images_April_9/TrainingImages/W01/BioID_0305.pgm;19
../Catagorized_Images_April_9/TrainingImages/W01/BioID_0269.pgm;19
../Catagorized_Images_April_9/TrainingImages/W01/BioID_0880.pgm;19
../Catagorized_Images_April_9/TrainingImages/W01/BioID_0879.pgm;19
../Catagorized_Images_April_9/TrainingImages/W01/BioID_0276.pgm;19
../Catagorized_Images_April_9/TrainingImages/W01/BioID_0306.pgm;19
../Catagorized_Images_April_9/TrainingImages/W01/BioID_0261.pgm;19
../Catagorized_Images_April_9/TrainingImages/W01/BioID_0651.pgm;19
../Catagorized_Images_April_9/TrainingImages/W01/BioID_1240.pgm;19
../Catagorized_Images_April_9/TrainingImages/W01/BioID_0303.pgm;19
../Catagorized_Images_April_9/TrainingImages/W01/BioID_1228.pgm;19
../Catagorized_Images_April_9/TrainingImages/W01/BioID_0885.pgm;19
../Catagorized_Images_April_9/TrainingImages/W01/BioID_0889.pgm;19
../Catagorized_Images_April_9/TrainingImages/W01/BioID_0878.pgm;19
../Catagorized_Images_April_9/TrainingImages/W01/BioID_0650.pgm;19
../Catagorized_Images_April_9/TrainingImages/W01/BioID_0273.pgm;19
../Catagorized_Images_April_9/TrainingImages/W01/BioID_1238.pgm;19
../Catagorized_Images_April_9/TrainingImages/W01/BioID_0270.pgm;19
../Catagorized_Images_April_9/TrainingImages/W01/BioID_1215.pgm;19
../Catagorized_Images_April_9/TrainingImages/W01/BioID_0264.pgm;19
../Catagorized_Images_April_9/TrainingImages/W01/BioID_0287.pgm;19
../Catagorized_Images_April_9/TrainingImages/W01/BioID_0887.pgm;19
../Catagorized_Images_April_9/TrainingImages/W01/BioID_1230.pgm;19
../Catagorized_Images_April_9/TrainingImages/W01/BioID_1235.pgm;19
../Catagorized_Images_April_9/TrainingImages/W01/BioID_1239.pgm;19
../Catagorized_Images_April_9/TrainingImages/W01/BioID_0262.pgm;19
../Catagorized_Images_April_9/TrainingImages/W01/BioID_1234.pgm;19
../Catagorized_Images_April_9/TrainingImages/W01/BioID_1224.pgm;19
../Catagorized_Images_April_9/TrainingImages/W01/BioID_0279.pgm;19
../Catagorized_Images_April_9/TrainingImages/W01/BioID_0274.pgm;19
../Catagorized_Images_April_9/TrainingImages/W01/BioID_0272.pgm;19
../Catagorized_Images_April_9/TrainingImages/W01/BioID_1216.pgm;19
../Catagorized_Images_April_9/TrainingImages/W01/BioID_1220.pgm;19
../Catagorized_Images_April_9/TrainingImages/W01/BioID_0263.pgm;19
../Catagorized_Images_April_9/TrainingImages/W01/BioID_0298.pgm;19
../Catagorized_Images_April_9/TrainingImages/W01/BioID_0302.pgm;19
../Catagorized_Images_April_9/TrainingImages/W01/BioID_0293.pgm;19
../Catagorized_Images_April_9/TrainingImages/W01/BioID_0281.pgm;19
../Catagorized_Images_April_9/TrainingImages/W01/BioID_0301.pgm;19
../Catagorized_Images_April_9/TrainingImages/W01/BioID_1232.pgm;19
../Catagorized_Images_April_9/TrainingImages/W01/BioID_0299.pgm;19
../Catagorized_Images_April_9/TrainingImages/W01/BioID_0884.pgm;19
../Catagorized_Images_April_9/TrainingImages/W01/BioID_0649.pgm;19
../Catagorized_Images_April_9/TrainingImages/W01/BioID_0284.pgm;19
../Catagorized_Images_April_9/TrainingImages/W01/BioID_1214.pgm;19
../Catagorized_Images_April_9/TrainingImages/W01/BioID_1226.pgm;19
../Catagorized_Images_April_9/TrainingImages/W01/BioID_1222.pgm;19
../Catagorized_Images_April_9/TrainingImages/W01/BioID_0891.pgm;19
../Catagorized_Images_April_9/TrainingImages/W01/BioID_0874.pgm;19
../Catagorized_Images_April_9/TrainingImages/W01/BioID_0289.pgm;19
../Catagorized_Images_April_9/TrainingImages/W01/BioID_1225.pgm;19
../Catagorized_Images_April_9/TrainingImages/W01/BioID_0892.pgm;19
../Catagorized_Images_April_9/TrainingImages/W01/BioID_0291.pgm;19
../Catagorized_Images_April_9/TrainingImages/W01/BioID_1218.pgm;19
../Catagorized_Images_April_9/TrainingImages/W01/BioID_0296.pgm;19
../Catagorized_Images_April_9/TrainingImages/W01/BioID_0267.pgm;19
../Catagorized_Images_April_9/TrainingImages/W01/BioID_0876.pgm;19
../Catagorized_Images_April_9/TrainingImages/W01/BioID_0888.pgm;19
../Catagorized_Images_April_9/TrainingImages/W01/BioID_1229.pgm;19
../Catagorized_Images_April_9/TrainingImages/W01/BioID_0295.pgm;19
../Catagorized_Images_April_9/TrainingImages/W01/BioID_0283.pgm;19
../Catagorized_Images_April_9/TrainingImages/W01/BioID_1242.pgm;19
../Catagorized_Images_April_9/TrainingImages/W01/BioID_1221.pgm;19
../Catagorized_Images_April_9/TrainingImages/W01/BioID_1219.pgm;19
../Catagorized_Images_April_9/TrainingImages/W01/BioID_0883.pgm;19
../Catagorized_Images_April_9/TrainingImages/W01/BioID_0277.pgm;19
../Catagorized_Images_April_9/TrainingImages/W01/BioID_1223.pgm;19
../Catagorized_Images_April_9/TrainingImages/W01/BioID_1231.pgm;19
../Catagorized_Images_April_9/TrainingImages/W01/BioID_0260.pgm;19
../Catagorized_Images_April_9/TrainingImages/W01/BioID_0882.pgm;19
../Catagorized_Images_April_9/TrainingImages/W01/BioID_0266.pgm;19
../Catagorized_Images_April_9/TrainingImages/W01/BioID_0881.pgm;19
../Catagorized_Images_April_9/TrainingImages/W01/BioID_0268.pgm;19
../Catagorized_Images_April_9/TrainingImages/W01/BioID_0297.pgm;19
../Catagorized_Images_April_9/TrainingImages/W01/BioID_0280.pgm;19
../Catagorized_Images_April_9/TrainingImages/W01/BioID_0286.pgm;19
../Catagorized_Images_April_9/TrainingImages/W01/BioID_0307.pgm;19
../Catagorized_Images_April_9/TrainingImages/W01/BioID_0300.pgm;19
../Catagorized_Images_April_9/TrainingImages/W01/BioID_0890.pgm;19
../Catagorized_Images_April_9/TrainingImages/W01/BioID_0282.pgm;19
../Catagorized_Images_April_9/TrainingImages/W01/BioID_0290.pgm;19
../Catagorized_Images_April_9/TrainingImages/W01/BioID_0886.pgm;19
../Catagorized_Images_April_9/TrainingImages/W01/BioID_0292.pgm;19
../Catagorized_Images_April_9/TrainingImages/W01/BioID_0278.pgm;19
../Catagorized_Images_April_9/TrainingImages/W01/BioID_1233.pgm;19
../Catagorized_Images_April_9/TrainingImages/M16/BioID_0628.pgm;20
../Catagorized_Images_April_9/TrainingImages/M16/BioID_1504.pgm;20
../Catagorized_Images_April_9/TrainingImages/M16/BioID_0609.pgm;20
../Catagorized_Images_April_9/TrainingImages/M16/BioID_0617.pgm;20
../Catagorized_Images_April_9/TrainingImages/M16/BioID_1511.pgm;20
../Catagorized_Images_April_9/TrainingImages/M16/BioID_1510.pgm;20
../Catagorized_Images_April_9/TrainingImages/M16/BioID_0621.pgm;20
../Catagorized_Images_April_9/TrainingImages/M16/BioID_1500.pgm;20
../Catagorized_Images_April_9/TrainingImages/M16/BioID_0630.pgm;20
../Catagorized_Images_April_9/TrainingImages/M16/BioID_0610.pgm;20
../Catagorized_Images_April_9/TrainingImages/M16/BioID_0614.pgm;20
../Catagorized_Images_April_9/TrainingImages/M16/BioID_0625.pgm;20
../Catagorized_Images_April_9/TrainingImages/M16/BioID_0624.pgm;20
../Catagorized_Images_April_9/TrainingImages/M16/BioID_1512.pgm;20
../Catagorized_Images_April_9/TrainingImages/M16/BioID_0605.pgm;20
../Catagorized_Images_April_9/TrainingImages/M16/BioID_0608.pgm;20
../Catagorized_Images_April_9/TrainingImages/M16/BioID_1497.pgm;20
../Catagorized_Images_April_9/TrainingImages/M16/BioID_1508.pgm;20
../Catagorized_Images_April_9/TrainingImages/M16/BioID_0618.pgm;20
../Catagorized_Images_April_9/TrainingImages/M16/BioID_1502.pgm;20
../Catagorized_Images_April_9/TrainingImages/M16/BioID_0611.pgm;20
../Catagorized_Images_April_9/TrainingImages/M16/BioID_1505.pgm;20
../Catagorized_Images_April_9/TrainingImages/M16/BioID_0633.pgm;20
../Catagorized_Images_April_9/TrainingImages/M16/BioID_1506.pgm;20
../Catagorized_Images_April_9/TrainingImages/M16/BioID_0616.pgm;20
../Catagorized_Images_April_9/TrainingImages/M16/BioID_1509.pgm;20
../Catagorized_Images_April_9/TrainingImages/M16/BioID_1514.pgm;20
../Catagorized_Images_April_9/TrainingImages/M16/BioID_0606.pgm;20
../Catagorized_Images_April_9/TrainingImages/M16/BioID_1499.pgm;20
../Catagorized_Images_April_9/TrainingImages/M16/BioID_0615.pgm;20
../Catagorized_Images_April_9/TrainingImages/M16/BioID_1503.pgm;20
../Catagorized_Images_April_9/TrainingImages/M16/BioID_0627.pgm;20
../Catagorized_Images_April_9/TrainingImages/M16/BioID_1495.pgm;20
../Catagorized_Images_April_9/TrainingImages/M16/BioID_1496.pgm;20
../Catagorized_Images_April_9/TrainingImages/M16/BioID_0632.pgm;20
../Catagorized_Images_April_9/TrainingImages/M16/BioID_0626.pgm;20
../Catagorized_Images_April_9/TrainingImages/M16/BioID_1498.pgm;20
../Catagorized_Images_April_9/TrainingImages/M16/BioID_0629.pgm;20
../Catagorized_Images_April_9/TrainingImages/M16/BioID_0607.pgm;20
../Catagorized_Images_April_9/TrainingImages/M16/BioID_0622.pgm;20
../Catagorized_Images_April_9/TrainingImages/M16/BioID_1507.pgm;20
../Catagorized_Images_April_9/TrainingImages/M16/BioID_0623.pgm;20
../Catagorized_Images_April_9/TrainingImages/M16/BioID_0613.pgm;20
../Catagorized_Images_April_9/TrainingImages/M16/BioID_0604.pgm;20
../Catagorized_Images_April_9/TrainingImages/M16/BioID_0619.pgm;20
../Catagorized_Images_April_9/TrainingImages/M02/BioID_0016.pgm;21
../Catagorized_Images_April_9/TrainingImages/M18/BioID_0654.pgm;22
../Catagorized_Images_April_9/TrainingImages/M18/BioID_0657.pgm;22
../Catagorized_Images_April_9/TrainingImages/M18/BioID_0659.pgm;22
